Man Utd,0,Tottenham,0,0,1,4,0,4,0,0,4,4,6,0,3,0,0,5,4,0,0,10,12,1,0,25,5,78,450,41,487,23,505,320,206,281,244,122,240,166,2,9,22,6,19,30,0,16,14,3,11,12,8,638,19,7,0,0,4,0,0
Tottenham,1,Man Utd,0,0,4,2,0,3,1,8,1,1,5,0,4,0,1,5,2,2,0,12,11,2,2,24,7,74,453,54,473,29,498,342,183,265,257,173,231,123,6,8,26,2,29,20,0,12,8,4,8,12,11,639,14,8,0,0,1,1,0
Bournemouth,0,Aston Villa,0,0,2,7,0,2,0,0,3,3,9,0,2,0,0,7,3,1,0,27,13,6,3,30,9,73,536,72,537,37,572,375,230,297,310,73,314,222,3,10,14,10,16,16,0,10,6,2,14,13,17,695,15,13,0,0,2,3,0
Aston Villa,1,Bournemouth,0,1,3,2,0,2,0,4,3,3,5,0,2,0,0,3,3,1,0,15,12,3,0,19,4,72,359,49,382,24,407,277,152,213,216,83,222,126,10,10,24,3,28,39,0,23,16,2,10,13,17,570,7,9,1,0,2,4,1
Everton,0,Watford,0,2,5,3,0,2,0,0,4,4,8,0,2,0,0,4,3,3,0,31,13,8,2,30,8,103,529,80,552,45,587,420,210,317,315,88,299,245,6,13,14,11,11,25,0,17,8,3,7,7,20,738,16,6,0,0,3,1,0
Watford,1,Everton,0,2,5,3,0,3,0,5,6,6,10,1,0,0,0,7,3,1,0,13,11,2,3,14,8,59,257,32,284,39,277,220,92,159,152,24,152,140,11,7,25,6,37,53,0,21,32,2,8,13,29,493,9,11,0,1,3,2,3
Leicester,0,Sunderland,0,4,8,7,1,4,0,1,4,4,13,1,4,1,0,7,8,4,0,23,11,6,1,21,18,69,321,50,340,53,337,270,118,187,203,56,189,145,6,10,19,5,18,21,0,12,9,2,11,13,16,506,12,8,0,0,3,1,0
Sunderland,1,Leicester,0,2,5,4,0,2,0,4,4,4,8,0,3,0,0,4,3,4,0,20,10,3,2,25,9,63,431,47,447,54,440,344,150,251,243,100,274,120,5,5,19,6,11,14,0,3,11,4,9,17,25,600,14,17,0,1,4,3,0
Norwich,0,Crystal Palace,0,1,6,9,0,2,0,1,11,11,14,0,3,0,0,7,7,3,0,18,19,1,0,23,12,63,451,48,466,22,492,335,179,242,271,78,273,163,3,2,20,10,7,26,0,23,3,2,8,14,10,610,12,7,1,0,4,1,1
Crystal Palace,1,Norwich,0,3,7,2,0,2,0,5,3,3,10,0,1,0,0,9,1,1,0,18,16,4,2,19,10,62,247,32,277,24,285,215,93,142,165,40,126,143,10,8,14,3,12,34,0,16,18,3,6,20,8,418,13,6,0,0,4,0,0
Chelsea,0,Swansea,0,1,3,5,0,3,0,0,5,5,8,1,2,0,0,9,1,1,0,23,14,4,2,24,8,47,436,42,441,31,452,315,161,239,243,68,201,214,14,15,16,13,13,14,0,10,4,5,7,15,14,600,9,10,1,0,7,2,1
Swansea,1,Chelsea,0,2,10,2,0,5,1,12,5,5,11,0,5,1,1,6,8,3,0,19,15,8,4,22,12,58,387,40,405,28,417,283,160,215,229,96,211,138,13,8,22,14,12,29,0,14,15,2,11,16,21,579,10,18,0,0,2,1,1
Newcastle,0,Southampton,0,2,4,3,0,2,0,1,3,3,3,1,5,0,0,4,3,1,1,35,12,6,0,34,8,66,493,67,492,33,526,358,193,273,279,83,293,183,10,13,13,7,15,24,0,11,13,3,5,9,14,653,7,15,0,0,2,1,1
Southampton,1,Newcastle,0,2,4,7,0,3,0,10,4,4,12,0,2,0,0,4,5,5,0,18,7,6,1,19,12,66,361,61,366,44,383,284,142,221,204,74,212,141,7,5,18,10,34,32,0,13,19,3,15,12,21,575,8,20,1,0,2,1,1
Arsenal,0,West Ham,0,0,6,8,0,8,0,1,7,7,17,1,4,0,0,13,6,3,0,33,5,5,2,18,17,41,572,57,556,45,568,386,225,308,304,75,284,254,22,7,12,12,18,18,0,15,3,2,12,12,32,752,16,10,0,2,2,0,0
West Ham,1,Arsenal,0,2,4,2,0,2,0,4,4,4,6,0,2,0,0,5,2,1,0,6,14,4,2,21,7,82,307,34,355,31,358,263,124,202,182,83,193,113,12,8,21,22,12,26,0,14,12,8,12,9,19,505,6,10,0,0,6,2,1
Stoke,0,Liverpool,0,0,1,4,0,2,0,0,3,3,7,0,0,0,0,0,7,0,0,19,15,3,0,25,4,68,395,63,400,41,422,305,156,217,244,67,272,124,5,12,25,10,13,16,0,7,9,4,9,9,16,571,8,15,0,0,2,0,1
Liverpool,1,Stoke,0,1,3,1,0,4,0,4,4,4,6,0,2,0,0,6,1,1,0,12,10,5,3,22,5,60,456,50,466,45,471,325,187,250,262,69,295,152,10,12,19,5,13,33,0,14,19,2,14,16,21,642,16,10,0,0,1,1,1
West Brom,0,Man City,1,0,2,6,0,1,0,1,5,5,6,0,3,0,0,5,2,2,0,22,4,6,0,16,6,45,323,36,332,21,347,242,126,183,183,68,172,128,7,2,17,7,16,21,0,9,12,10,13,12,6,471,8,10,0,0,4,2,0
Man City,1,West Brom,1,3,7,2,0,11,0,10,9,9,17,0,3,0,0,10,9,1,0,18,11,6,2,12,15,59,740,40,759,18,781,452,343,397,398,74,449,276,7,4,10,7,14,21,0,7,14,1,3,9,12,900,14,7,0,0,2,2,3
Aston Villa,0,Man Utd,1,0,1,3,0,1,0,0,1,1,3,0,2,0,0,2,0,3,0,15,11,3,1,24,4,60,425,54,431,29,456,310,174,230,253,123,242,120,12,21,22,5,19,13,0,7,6,3,9,14,12,595,4,14,0,0,1,2,1
Man Utd,1,Aston Villa,1,1,2,4,0,3,0,4,4,4,6,0,3,0,0,7,0,2,0,8,16,5,3,18,8,70,497,29,538,20,547,340,223,278,282,110,298,159,5,8,24,12,21,37,0,19,18,1,6,10,12,702,15,13,1,0,1,2,0
Southampton,0,Everton,1,0,4,9,0,4,0,0,3,3,13,0,4,0,0,7,6,4,0,39,9,9,1,23,13,58,468,76,450,29,497,343,178,274,250,68,251,207,5,8,18,6,13,19,0,9,10,4,9,11,15,629,7,13,0,0,1,0,0
Everton,1,Southampton,1,3,4,2,0,4,0,7,3,3,6,1,3,0,0,6,2,2,0,19,11,9,0,14,7,64,370,49,385,21,413,285,148,206,226,72,202,160,6,9,14,5,16,32,0,23,9,4,14,10,17,568,12,12,1,0,4,2,0
Sunderland,0,Norwich,1,1,2,3,0,1,0,0,3,3,4,0,2,0,0,3,1,2,0,13,6,6,1,20,4,74,349,41,382,49,374,294,128,212,208,79,245,99,6,4,31,15,17,20,0,7,13,8,21,7,9,540,11,12,1,0,3,1,0
Norwich,1,Sunderland,1,3,6,4,0,8,0,8,9,9,14,0,4,0,0,11,6,1,0,19,7,6,1,33,12,66,482,40,508,36,512,343,202,281,262,63,245,240,15,13,15,6,11,34,0,29,5,1,16,7,18,682,19,19,0,0,1,0,0
Swansea,0,Newcastle,1,2,6,6,2,7,0,0,12,12,15,0,4,0,0,10,6,3,0,19,8,4,2,26,18,46,641,52,635,14,673,407,278,347,340,86,418,183,7,19,19,7,16,18,0,9,9,0,7,11,8,794,3,13,0,0,2,1,0
Newcastle,1,Swansea,1,0,2,2,0,0,0,1,3,3,3,0,1,0,0,4,0,0,0,10,10,4,0,19,2,57,306,27,336,16,347,236,126,176,186,115,172,76,7,9,19,7,13,18,0,8,10,7,8,8,6,468,11,18,0,0,4,0,0
Tottenham,0,Stoke,1,2,7,2,0,4,0,1,6,6,11,0,2,0,0,8,4,1,0,14,12,4,1,35,9,74,479,43,510,25,528,340,208,270,280,113,315,125,9,12,16,9,16,17,0,10,7,2,5,15,17,642,8,9,1,0,5,1,1
Stoke,1,Tottenham,1,2,7,6,0,2,0,10,4,4,11,0,3,1,0,7,1,7,0,22,13,3,0,21,11,46,430,42,434,38,438,309,166,255,221,81,227,168,9,6,19,9,16,15,0,10,5,4,7,11,13,599,12,16,0,0,5,2,1
Watford,0,West Brom,1,0,5,8,0,3,0,0,9,9,14,1,1,0,0,9,4,3,0,33,7,2,0,32,15,85,484,65,504,32,537,344,223,283,283,66,272,231,9,11,15,4,21,21,0,5,16,1,14,13,18,676,16,12,0,0,0,0,1
West Brom,1,Watford,1,0,0,5,0,1,0,2,2,2,1,1,4,0,0,1,2,3,0,16,12,4,1,13,5,74,242,25,291,50,266,221,94,154,159,42,162,112,4,6,24,9,20,39,0,17,22,2,15,10,27,453,12,11,0,0,5,1,1
West Ham,0,Leicester,1,1,3,3,0,4,0,2,3,3,8,0,2,0,0,5,3,2,0,41,10,8,0,35,8,91,544,73,562,41,594,409,226,330,301,102,319,214,9,15,15,6,4,22,0,17,5,2,3,11,25,713,12,7,0,0,3,0,0
Leicester,1,West Ham,1,2,5,3,0,2,0,5,3,3,6,1,3,0,0,5,4,1,0,16,8,4,0,15,7,74,200,41,233,50,224,202,72,149,124,28,110,136,6,8,25,9,16,36,0,19,17,3,16,12,20,410,11,6,0,0,2,1,0
Crystal Palace,0,Arsenal,1,1,4,4,1,3,1,1,5,5,7,0,4,0,1,5,4,2,0,29,10,6,1,15,7,58,364,47,375,27,395,278,144,204,217,84,178,160,9,14,18,7,19,35,0,15,20,8,10,14,15,574,15,12,2,0,5,1,0
Arsenal,1,Crystal Palace,1,1,7,6,0,7,0,13,4,4,17,2,1,0,0,10,7,3,0,23,14,6,5,20,17,59,552,39,572,31,580,390,216,313,290,73,280,258,7,7,27,9,12,36,0,19,17,3,15,12,19,752,13,8,0,0,3,0,3
Man City,0,Chelsea,1,3,8,6,0,4,0,1,7,7,16,0,2,0,0,12,4,2,0,25,13,5,3,19,17,44,424,30,438,32,436,309,157,238,225,43,233,192,14,8,17,12,5,23,0,13,10,3,14,19,15,574,16,3,0,0,3,4,1
Chelsea,1,Man City,1,0,3,4,1,3,0,4,5,5,7,1,2,0,0,7,2,1,0,16,14,1,1,19,7,49,433,42,440,30,452,306,171,251,223,45,218,219,12,14,20,14,15,25,0,9,16,4,17,13,18,599,7,8,1,1,5,0,0
Liverpool,0,Bournemouth,2,1,2,11,1,5,0,1,10,10,12,1,5,0,0,13,5,0,0,11,17,6,0,19,11,49,476,40,485,38,487,331,192,267,256,91,264,170,12,12,24,12,16,36,0,12,24,5,15,11,23,671,15,12,0,0,2,1,2
Bournemouth,1,Liverpool,2,0,2,6,1,5,0,8,5,5,9,0,4,0,0,4,5,3,1,25,11,8,0,31,13,49,398,53,394,35,412,306,140,222,220,82,200,165,12,11,22,12,14,23,0,12,11,5,14,18,17,562,14,14,1,0,1,0,0
Man Utd,0,Newcastle,2,0,8,3,1,9,0,0,11,11,17,0,3,0,0,10,9,1,0,38,11,11,4,20,15,51,648,57,642,21,678,445,254,343,350,72,329,298,14,10,17,10,15,22,0,14,8,3,14,15,13,821,13,6,0,0,0,2,0
Newcastle,1,Man Utd,2,0,0,4,1,3,0,4,2,2,3,1,3,0,0,3,0,4,0,18,18,5,0,13,6,65,249,34,280,19,295,223,90,148,163,62,146,106,10,9,20,14,20,35,0,21,14,9,16,11,14,471,10,16,2,0,8,1,1
Norwich,0,Stoke,2,1,7,8,0,5,0,2,10,10,13,0,7,0,0,15,3,2,0,24,5,9,2,26,14,49,332,43,338,21,360,240,138,187,191,59,164,158,6,5,22,5,10,22,0,13,9,1,5,16,11,472,12,7,0,0,0,1,1
Stoke,1,Norwich,2,1,1,4,0,1,0,4,2,2,4,0,2,0,0,2,3,1,0,8,15,0,1,21,5,52,448,39,461,25,475,315,184,257,241,90,294,116,5,5,15,6,15,18,0,11,7,5,5,5,10,609,18,11,0,0,6,0,0
Sunderland,0,Swansea,2,1,2,5,0,3,0,0,6,6,4,0,6,0,0,7,2,1,0,16,8,3,0,15,7,58,294,30,322,57,295,250,101,170,181,43,211,98,12,7,25,10,14,17,0,4,13,4,2,16,22,475,5,10,0,0,8,1,0
Swansea,1,Sunderland,2,1,9,6,1,5,0,10,10,10,17,0,3,0,0,8,7,5,0,20,16,4,0,20,19,65,475,54,486,35,505,347,190,280,260,75,322,143,10,12,9,12,20,28,0,18,10,3,9,9,18,670,15,11,0,1,1,3,0
Crystal Palace,0,Aston Villa,2,2,6,7,0,3,1,1,6,6,12,0,4,0,1,5,9,2,0,28,12,6,2,15,14,56,346,41,361,38,364,280,121,207,194,52,180,170,6,1,15,9,11,21,0,15,6,3,1,12,24,509,12,18,1,0,2,2,0
Aston Villa,1,Crystal Palace,2,0,2,6,0,3,0,6,5,5,8,0,3,0,0,5,4,2,0,21,14,4,1,22,9,73,338,48,363,47,364,273,137,215,194,61,216,134,9,11,13,6,18,24,0,18,6,3,9,15,27,512,5,12,0,1,4,4,1
Leicester,0,Tottenham,2,1,2,5,1,6,0,0,6,6,7,0,6,0,0,5,7,1,0,22,8,2,0,21,9,68,242,51,259,48,262,218,91,153,155,40,129,141,11,8,19,11,21,15,0,8,7,4,10,7,16,424,6,9,1,0,5,0,0
Tottenham,1,Leicester,2,1,6,9,0,4,0,10,7,7,15,0,4,0,0,12,3,4,0,18,8,7,2,26,16,61,507,47,521,40,528,343,222,267,298,88,290,190,11,10,11,11,8,41,0,28,13,6,6,14,25,680,12,9,0,0,1,0,0
West Ham,0,Bournemouth,2,3,4,3,0,3,0,1,4,4,4,0,5,1,0,9,0,1,0,19,9,5,1,25,7,91,331,49,373,52,370,291,127,218,200,59,199,164,7,10,20,12,27,15,0,9,6,2,11,8,21,534,8,12,1,3,3,1,0
Bournemouth,1,West Ham,2,4,7,6,0,2,0,9,6,6,13,0,1,1,0,10,4,1,0,11,9,4,3,33,11,76,427,49,454,58,445,332,167,261,238,80,239,184,12,14,17,7,10,37,0,23,14,3,12,11,27,617,9,11,0,0,1,1,1
West Brom,0,Chelsea,2,2,6,6,0,3,0,1,7,7,8,0,6,1,0,12,0,3,0,23,10,8,2,20,12,61,360,57,364,34,387,274,145,209,207,69,189,163,6,4,13,7,15,15,0,7,8,3,10,9,16,513,9,10,0,0,2,0,0
Chelsea,1,West Brom,2,3,5,7,0,3,0,10,5,5,11,2,2,0,0,9,6,0,0,11,9,7,1,13,13,70,456,41,485,30,496,325,199,254,268,86,257,183,7,6,9,6,9,24,0,16,8,3,9,12,19,627,8,11,1,0,4,3,1
Everton,0,Man City,2,0,1,5,1,4,0,1,5,5,7,0,3,0,0,3,5,2,0,19,7,8,0,18,8,57,394,45,406,28,423,290,159,227,221,89,223,139,16,6,21,10,11,24,0,12,12,4,15,5,11,580,11,12,1,0,7,2,0
Man City,1,Everton,2,2,9,3,1,4,0,8,7,7,14,0,2,0,0,10,5,1,0,23,7,7,2,26,13,47,493,35,505,19,521,327,208,255,279,63,245,232,10,12,17,16,17,21,0,11,10,4,6,7,16,650,10,11,0,0,1,0,2
Watford,0,Southampton,2,0,0,6,0,7,0,2,7,7,9,0,4,0,0,7,2,4,0,30,11,5,0,31,10,79,424,65,438,51,452,343,159,246,252,53,248,202,11,7,16,5,14,16,0,11,5,0,8,10,24,602,9,14,0,0,5,2,1
Southampton,1,Watford,2,0,5,9,0,0,0,7,6,6,10,0,4,0,0,5,4,4,1,21,12,2,0,18,12,81,370,58,393,53,398,320,130,210,240,59,229,163,5,6,15,11,28,28,0,13,15,6,16,11,24,584,11,15,1,0,0,0,0
Arsenal,0,Liverpool,3,0,5,9,1,5,0,1,9,9,15,0,4,0,0,9,7,3,0,23,15,7,2,18,15,45,671,60,656,33,683,451,260,337,367,106,285,325,14,11,23,9,27,26,0,12,14,3,12,2,20,896,17,13,1,0,8,1,1
Liverpool,1,Arsenal,3,0,8,4,1,3,0,10,4,4,11,1,3,0,0,8,6,1,0,14,7,8,2,23,12,44,344,36,352,54,334,272,114,195,190,45,188,155,9,12,25,14,22,36,0,16,20,5,19,13,29,543,13,8,0,0,5,1,2
Newcastle,0,Arsenal,3,0,0,1,0,0,1,0,0,0,1,0,0,0,1,1,0,0,0,12,10,0,2,23,1,54,252,41,265,16,290,207,98,142,159,65,160,81,4,14,21,5,13,33,0,15,18,7,8,15,9,426,12,11,0,0,9,1,1
Arsenal,1,Newcastle,3,0,9,6,0,7,0,11,8,8,17,0,5,0,0,15,7,0,0,15,15,9,3,24,16,35,784,55,764,22,797,477,333,401,413,66,433,320,5,6,21,4,15,14,0,9,5,0,13,8,9,921,16,12,0,0,0,1,0
Stoke,0,West Brom,3,0,5,5,0,3,0,1,10,10,8,0,5,0,0,5,6,2,0,18,10,6,0,16,8,46,439,45,440,20,465,305,178,245,238,111,255,119,14,13,18,9,6,19,0,11,8,4,15,4,12,607,11,11,0,0,4,1,0
West Brom,1,Stoke,3,1,5,6,0,4,0,7,7,7,13,0,2,0,0,10,1,4,0,27,6,5,0,25,10,57,455,58,454,21,491,326,181,266,242,60,274,178,9,6,19,14,18,26,0,18,8,4,11,9,9,628,12,12,1,0,4,0,1
Aston Villa,0,Sunderland,3,2,6,11,0,4,0,1,7,7,17,1,2,1,0,17,1,3,0,34,12,5,0,27,18,56,535,60,531,42,549,370,216,295,293,69,316,206,15,21,20,5,14,27,0,17,10,1,7,10,29,731,15,18,0,0,1,2,0
Sunderland,1,Aston Villa,3,2,3,3,0,1,0,3,3,3,4,0,3,0,0,4,1,2,0,13,8,4,2,14,6,65,294,30,329,31,328,229,127,183,171,78,188,93,5,9,32,15,22,39,0,19,20,4,8,14,22,516,12,14,0,0,4,1,1
Bournemouth,0,Leicester,3,1,2,0,0,3,0,0,3,3,3,0,2,0,0,4,0,1,0,19,15,4,1,36,2,63,429,43,449,54,438,310,179,240,247,72,255,165,6,11,16,12,21,30,0,12,18,0,11,9,26,597,21,19,0,0,1,1,0
Leicester,1,Bournemouth,3,1,2,2,0,0,0,4,0,0,3,0,0,1,0,1,3,0,0,21,7,4,1,30,3,77,310,49,338,42,345,262,125,192,193,60,166,161,12,12,30,6,29,17,0,10,7,3,19,19,21,500,6,9,0,0,1,1,0
Chelsea,0,Crystal Palace,3,1,9,9,0,8,0,0,9,9,19,0,7,0,0,15,7,4,0,23,13,7,0,15,19,70,553,55,568,46,577,417,205,307,312,84,275,264,13,5,16,4,9,19,0,10,9,2,12,9,21,747,13,16,0,0,3,1,1
Crystal Palace,1,Chelsea,3,2,5,6,0,2,0,8,4,4,12,0,1,0,0,6,6,1,0,23,8,7,0,24,10,66,304,34,336,37,333,248,121,175,194,63,175,132,4,7,17,13,9,45,0,19,26,8,11,15,15,501,10,13,0,0,7,3,1
Liverpool,0,West Ham,3,0,1,7,1,5,0,1,9,9,11,0,2,0,0,11,1,1,0,26,11,5,0,26,12,52,550,61,541,39,563,403,193,296,303,74,282,246,2,6,12,9,11,18,0,10,8,3,12,17,17,694,20,13,1,1,2,1,0
West Ham,1,Liverpool,3,3,5,4,0,3,0,8,4,4,9,0,3,0,0,9,2,1,0,15,16,7,1,16,6,73,286,44,315,25,334,237,119,182,176,61,176,122,9,8,25,2,20,25,0,12,13,5,11,12,14,487,5,12,0,0,1,0,0
Man City,0,Watford,3,2,5,8,0,5,0,1,10,10,13,0,5,0,0,11,7,0,0,26,7,9,2,13,15,35,654,41,648,15,674,424,261,347,338,75,353,261,13,13,15,8,11,17,0,12,5,5,8,9,9,813,20,10,0,0,0,2,0
Watford,1,Man City,3,0,0,2,0,5,0,3,4,4,4,0,3,0,0,7,0,0,0,13,8,3,0,11,4,52,434,41,445,19,467,293,193,253,231,76,301,109,8,6,30,13,19,23,0,6,17,5,12,12,3,610,11,10,2,0,3,0,1
Tottenham,0,Everton,3,0,6,8,0,6,0,0,10,10,18,1,1,0,0,10,9,1,0,22,10,6,1,16,18,57,425,47,435,32,450,301,175,234,243,73,229,180,5,9,25,8,13,17,0,9,8,1,9,20,16,601,12,13,1,0,3,0,0
Everton,1,Tottenham,3,0,3,4,0,1,0,4,4,4,6,0,2,0,0,3,2,3,0,16,18,2,0,17,6,87,398,48,437,26,459,305,178,249,233,97,245,143,8,12,17,5,6,19,0,9,10,6,14,9,11,608,15,19,2,0,6,1,0
Southampton,0,Norwich,3,3,8,13,0,2,0,2,6,6,17,0,6,0,0,11,7,4,1,37,9,6,8,22,18,48,548,70,526,45,551,395,200,294,297,92,298,206,10,5,16,4,15,19,0,10,9,2,6,4,22,699,9,8,0,0,1,1,0
Norwich,1,Southampton,3,0,1,3,0,2,0,3,3,3,5,0,1,0,0,3,1,2,0,14,6,4,1,23,5,72,317,38,351,27,362,259,126,200,188,91,177,121,4,9,14,10,11,28,0,13,15,1,6,12,15,480,7,8,1,0,5,6,0
Swansea,0,Man Utd,3,2,4,4,1,1,0,0,5,5,6,1,2,0,0,7,1,1,0,7,12,0,1,18,7,75,321,33,363,47,349,259,136,196,195,81,208,107,7,5,14,9,21,32,0,18,14,1,13,6,17,515,10,6,0,0,3,3,0
Man Utd,1,Swansea,3,1,4,6,0,1,0,6,4,4,10,0,1,0,0,5,4,2,0,22,8,1,4,17,10,85,618,51,652,56,647,433,268,366,331,102,384,217,9,6,15,7,18,20,0,11,9,1,7,15,28,809,9,11,1,1,2,2,0
Everton,0,Chelsea,5,3,9,5,0,0,0,0,5,5,11,0,3,0,0,6,4,4,0,19,13,7,5,12,11,51,339,38,352,17,373,258,130,189,197,76,183,131,9,17,23,7,7,39,0,24,15,7,15,12,12,532,7,7,1,0,1,1,1
Chelsea,1,Everton,5,1,2,6,0,7,0,8,6,6,10,0,5,0,0,9,4,2,0,32,12,14,4,15,13,61,549,60,550,15,595,387,221,322,283,107,261,242,7,20,21,9,11,12,0,5,7,0,12,12,5,718,5,8,0,0,6,1,0
Arsenal,0,Stoke,5,2,12,9,1,8,0,1,6,6,21,0,8,0,0,17,7,5,0,25,12,13,9,19,24,41,636,54,623,32,645,419,250,339,334,83,344,250,12,9,18,8,25,13,0,5,8,3,5,6,12,811,9,14,0,0,3,0,1
Stoke,1,Arsenal,5,0,3,2,0,3,0,2,6,6,8,0,0,0,0,5,3,0,0,7,8,1,1,18,6,53,281,32,302,24,310,235,98,155,179,59,181,94,8,10,16,12,15,31,0,13,18,8,14,13,7,469,11,14,1,0,10,0,0
Crystal Palace,0,Man City,5,0,2,6,0,2,0,0,5,5,9,0,1,0,0,6,3,1,0,21,10,4,1,23,7,58,346,43,361,30,374,274,128,196,205,90,191,123,11,7,17,4,21,29,0,13,16,5,12,13,19,530,10,13,0,1,6,1,0
Man City,1,Crystal Palace,5,1,7,9,0,5,0,9,9,9,17,0,4,0,0,8,9,4,0,21,16,4,4,30,17,64,488,43,509,29,523,355,195,255,294,52,254,246,4,4,15,11,18,21,0,10,11,2,11,13,10,646,14,11,1,0,2,1,1
Watford,0,Swansea,5,1,6,7,0,4,0,0,8,8,13,1,3,0,0,14,3,0,0,15,16,1,0,21,11,87,281,29,339,26,342,245,123,172,196,50,159,159,5,6,17,6,25,27,0,11,16,1,13,11,13,479,4,12,1,0,3,1,3
Swansea,1,Watford,5,0,3,4,0,1,0,3,5,5,8,0,0,0,0,6,1,1,0,21,11,3,1,24,7,79,484,61,502,50,513,366,195,300,260,85,297,181,6,7,8,5,8,39,0,20,19,4,7,14,20,669,11,12,2,0,5,0,0
West Brom,0,Southampton,5,0,1,4,0,3,0,1,3,3,6,0,2,0,0,3,3,2,0,17,6,4,0,17,7,74,296,53,317,48,322,266,102,183,184,48,168,154,6,6,20,6,9,28,0,18,10,5,11,5,21,487,8,19,0,0,4,4,1
Southampton,1,West Brom,5,0,4,6,0,5,0,10,5,5,13,0,2,0,0,9,3,3,0,33,6,5,1,25,14,88,590,82,596,56,622,437,241,345,331,129,324,225,6,11,12,6,18,20,0,10,10,3,13,5,20,783,11,14,0,0,1,2,1
Norwich,0,Bournemouth,5,3,4,8,1,0,0,0,5,5,9,0,3,0,0,4,7,1,0,19,11,4,0,16,9,73,399,31,441,30,442,302,168,225,244,77,216,179,7,8,21,5,19,15,0,8,7,2,9,10,16,576,8,9,0,0,1,2,0
Bournemouth,1,Norwich,5,1,2,3,0,2,0,4,2,2,4,0,3,0,0,3,2,2,0,16,8,4,0,35,7,63,471,52,482,37,497,348,181,260,272,79,310,145,5,13,13,7,18,15,0,7,8,0,13,11,11,614,11,17,0,2,1,2,0
Man Utd,0,Liverpool,5,3,3,3,0,3,0,0,6,6,5,0,3,1,0,7,2,0,0,17,10,4,3,27,6,81,523,52,552,22,582,356,243,310,288,97,318,189,6,6,23,10,27,25,0,14,11,1,12,6,8,730,20,18,0,0,2,0,1
Liverpool,1,Man Utd,5,1,4,4,0,0,0,4,2,2,4,0,4,0,0,3,2,3,0,12,7,4,2,24,6,54,429,44,439,51,432,311,172,227,254,106,254,123,10,4,23,6,12,25,0,13,12,3,17,11,21,594,19,16,1,0,0,3,2
Sunderland,0,Tottenham,5,0,2,5,2,5,0,0,6,6,11,1,0,0,0,8,4,0,0,23,11,6,2,25,10,63,306,42,327,53,316,269,100,188,179,41,187,141,8,10,22,9,13,30,0,11,19,5,14,11,25,506,18,9,1,0,3,4,0
Tottenham,1,Sunderland,5,1,4,6,0,5,0,8,7,7,13,0,2,0,0,9,4,2,0,22,11,8,2,30,13,70,399,59,410,24,445,309,160,240,225,69,226,174,9,6,26,8,15,31,0,12,19,5,9,12,9,609,18,19,0,0,2,1,1
Leicester,0,Aston Villa,5,3,6,9,0,6,0,1,12,12,18,0,3,0,0,10,8,3,0,17,10,4,2,35,17,62,380,50,392,38,404,304,137,227,213,42,227,173,25,15,32,9,16,16,0,8,8,4,15,8,18,590,17,12,0,0,2,0,0
Aston Villa,1,Leicester,5,2,4,3,0,4,0,4,6,6,5,1,5,0,0,6,3,2,0,12,9,5,0,26,10,68,387,33,422,45,410,307,144,223,228,96,246,113,9,23,28,25,18,30,0,14,16,6,13,13,28,603,9,16,0,0,3,1,0
West Ham,0,Newcastle,6,2,3,8,1,6,0,1,8,8,9,4,4,0,0,10,6,1,0,16,10,6,0,27,13,59,299,30,328,18,340,239,115,189,168,52,146,160,10,8,18,8,33,25,0,17,8,5,9,8,9,506,11,20,0,0,4,1,0
Newcastle,1,West Ham,6,0,4,5,0,5,0,6,8,8,11,0,3,0,0,8,6,0,0,32,7,7,0,36,8,65,486,65,486,29,522,342,204,281,262,119,253,179,8,11,17,10,18,21,0,7,14,4,11,11,5,653,8,18,0,0,1,1,0
Chelsea,0,Arsenal,6,1,6,6,0,10,0,1,14,14,20,0,2,0,0,17,4,1,0,14,13,5,1,14,20,54,603,45,612,37,620,396,258,341,313,74,319,264,15,9,23,17,11,16,0,11,5,3,13,12,13,783,12,15,2,0,2,0,0
Arsenal,1,Chelsea,6,0,2,4,0,3,1,4,5,5,6,0,3,0,1,8,1,0,0,15,9,5,1,19,5,43,356,34,365,22,377,264,130,205,191,87,193,119,17,13,21,15,19,22,0,11,11,10,7,11,7,542,15,10,1,0,5,1,0
Newcastle,0,Watford,6,1,5,7,0,3,0,0,6,6,13,0,2,0,0,6,8,1,0,40,13,5,1,29,12,63,507,70,500,37,533,383,181,286,279,88,274,208,15,14,19,9,21,8,0,3,5,3,7,8,11,691,18,11,0,0,2,1,0
Watford,1,Newcastle,6,2,4,6,0,3,0,7,6,6,11,0,2,0,0,9,2,2,0,9,12,5,1,16,12,85,329,25,389,39,375,270,142,218,196,42,222,150,9,9,29,15,18,19,0,5,14,3,21,12,11,563,15,14,1,0,4,7,2
Aston Villa,0,West Brom,6,0,3,5,0,5,0,0,10,10,9,0,4,0,0,6,6,1,0,26,9,2,0,29,7,69,443,50,462,52,460,336,172,253,254,91,250,171,12,12,30,8,20,33,0,21,12,2,12,10,35,639,4,6,0,0,5,2,0
West Brom,1,Aston Villa,6,1,6,2,0,3,0,6,4,4,9,0,2,0,0,7,2,2,0,21,9,7,0,33,11,73,285,41,317,37,321,238,119,190,164,55,154,149,8,5,15,12,29,38,0,24,14,5,13,11,24,488,26,8,0,0,3,0,0
Bournemouth,0,Sunderland,6,2,5,4,1,6,0,0,8,8,7,0,8,0,0,9,4,2,0,17,13,7,0,18,13,64,439,43,460,39,464,326,171,237,258,90,242,171,17,12,23,14,13,15,0,5,10,4,13,14,18,634,13,10,0,0,2,1,0
Sunderland,1,Bournemouth,6,0,2,3,0,4,0,2,6,6,6,0,3,0,0,7,2,0,0,12,14,3,0,26,5,90,365,37,418,47,408,284,170,216,237,88,241,126,14,15,25,17,18,18,0,10,8,6,13,15,21,572,11,9,0,0,3,0,0
Stoke,0,Leicester,6,2,4,5,0,2,0,0,6,6,8,0,3,0,0,2,6,3,0,26,8,3,1,23,8,82,401,65,418,50,433,328,155,235,246,75,243,165,15,12,32,11,14,18,0,13,5,1,12,7,34,609,8,13,0,0,3,1,0
Leicester,1,Stoke,6,2,5,6,0,1,0,7,5,5,9,0,2,1,0,5,5,2,0,16,9,4,2,22,10,64,349,43,370,48,365,285,126,198,211,31,220,162,11,15,15,15,28,33,0,17,16,2,13,12,28,567,19,14,1,1,2,2,0
Swansea,0,Everton,6,0,3,6,0,3,0,1,5,5,9,0,3,0,0,6,4,2,0,21,8,2,1,24,10,55,404,44,415,34,425,295,164,233,223,78,256,125,8,8,21,10,13,22,0,9,13,8,17,12,13,567,15,5,0,0,1,2,0
Everton,1,Swansea,6,0,2,7,0,8,0,11,6,6,12,0,5,0,0,9,7,1,0,18,13,4,2,18,14,70,422,38,454,28,464,319,173,237,253,94,214,184,10,14,17,8,27,14,0,8,6,3,9,11,11,614,9,10,1,0,3,0,0
Man City,0,West Ham,6,1,8,9,0,10,0,4,9,9,21,0,6,0,0,14,6,6,1,50,8,16,1,21,22,46,696,68,674,26,716,463,273,391,348,71,339,332,17,11,19,13,13,17,0,12,5,0,8,10,24,872,9,21,0,0,1,1,0
West Ham,1,Man City,6,2,3,3,0,0,0,3,2,2,4,0,2,0,0,4,1,1,0,7,12,3,1,13,5,70,230,22,278,26,274,212,88,155,142,57,167,76,13,9,20,17,17,57,0,28,29,10,19,7,15,477,11,14,1,0,8,3,0
Tottenham,0,Crystal Palace,6,1,6,6,0,9,0,0,13,13,14,2,5,0,0,13,6,2,0,17,10,6,0,30,17,68,421,38,451,31,458,312,175,242,247,88,228,173,11,13,32,10,18,27,0,18,9,4,14,9,9,652,18,18,0,0,4,3,1
Crystal Palace,1,Tottenham,6,0,4,4,1,4,0,5,6,6,7,0,5,0,0,9,2,1,0,22,8,5,0,29,9,65,309,50,324,28,346,252,122,204,167,73,182,119,10,12,31,11,17,35,0,18,17,9,14,11,18,521,22,12,0,0,5,1,0
Southampton,0,Man Utd,6,2,8,6,1,1,0,0,4,4,10,0,5,0,0,5,3,6,1,21,15,5,0,16,12,64,356,52,368,45,375,284,135,212,207,74,194,152,11,6,21,6,17,10,0,3,7,2,12,6,17,519,11,13,0,1,0,0,0
Man Utd,1,Southampton,6,3,3,5,1,2,0,6,4,4,7,0,3,0,0,6,3,1,0,8,5,5,0,20,4,87,518,28,577,26,579,361,240,300,298,109,367,129,6,8,15,11,14,31,0,15,16,1,7,13,15,719,14,9,0,0,6,1,1
Liverpool,0,Norwich,6,1,7,7,0,9,0,0,9,9,21,0,2,0,0,14,8,1,0,24,13,6,3,21,20,76,551,66,561,41,586,416,211,321,304,108,294,225,12,7,19,12,12,14,0,5,9,1,20,4,16,736,12,16,0,1,1,0,2
Norwich,1,Liverpool,6,1,2,4,0,1,0,2,5,5,6,0,1,0,0,4,3,0,0,14,7,2,0,24,6,74,372,24,422,39,407,305,140,225,219,67,226,153,12,11,15,12,16,27,0,9,18,9,9,13,8,566,9,7,2,0,6,4,1
Tottenham,0,Man City,7,4,8,3,1,4,0,1,3,3,11,0,4,0,0,6,7,2,0,17,7,5,1,31,10,72,388,48,412,45,415,315,144,226,232,89,225,146,13,10,28,7,26,40,0,24,16,8,21,17,15,627,14,9,0,0,7,2,1
Man City,1,Tottenham,7,1,8,6,0,8,0,13,9,9,14,1,7,0,0,17,4,1,0,25,18,9,1,26,14,64,466,40,490,53,477,371,157,270,255,74,221,235,7,9,18,13,15,28,0,17,11,3,16,6,23,659,21,6,1,2,4,1,0
Southampton,0,Swansea,7,2,6,8,0,3,0,1,5,5,12,0,5,0,0,8,5,4,0,23,16,4,0,17,10,67,356,65,358,48,375,293,128,215,208,74,213,136,4,3,17,5,17,25,0,11,14,3,12,18,17,531,6,10,0,0,3,2,0
Swansea,1,Southampton,7,1,4,4,0,3,1,4,7,7,9,0,1,1,1,8,2,1,0,23,20,3,2,20,7,56,536,63,529,37,555,393,198,305,281,90,344,158,5,12,7,4,15,16,0,13,3,3,18,14,13,684,8,6,1,0,4,7,0
Stoke,0,Bournemouth,7,2,5,2,0,1,0,1,1,1,4,1,3,0,0,5,1,2,0,15,13,3,2,22,6,87,333,43,377,18,402,267,153,216,200,64,212,144,8,10,15,9,13,30,0,14,16,4,10,13,15,527,8,9,0,0,5,1,1
Bournemouth,1,Stoke,7,1,6,2,0,4,0,5,7,7,8,0,4,0,0,4,7,1,0,17,11,7,1,31,10,45,498,36,507,41,502,352,189,270,271,95,311,137,9,5,16,8,13,18,0,10,8,1,9,11,14,635,12,8,0,0,3,1,0
Leicester,0,Arsenal,7,2,7,6,2,3,0,2,5,5,12,1,3,0,0,6,8,2,0,33,11,6,0,18,14,66,350,62,354,25,391,281,135,217,197,42,180,194,15,11,21,16,18,20,0,16,4,13,12,9,12,563,13,11,0,0,6,0,0
Arsenal,1,Leicester,7,5,12,2,0,13,0,20,4,4,23,2,2,0,0,19,6,2,0,11,9,5,7,19,23,47,521,47,521,32,536,369,195,283,281,104,291,173,16,5,21,15,14,46,0,22,24,3,9,12,23,753,18,19,1,0,5,3,1
Liverpool,0,Aston Villa,7,3,12,2,0,7,0,1,7,7,17,0,4,0,0,14,5,2,0,32,11,11,4,18,15,56,567,63,560,15,608,385,235,302,318,70,316,237,7,9,28,11,15,9,0,2,7,1,6,8,7,729,10,10,2,0,2,0,0
Aston Villa,1,Liverpool,7,2,4,5,0,1,0,7,2,2,8,0,2,0,0,4,1,5,0,11,10,1,0,14,7,51,327,23,355,26,352,248,125,187,190,92,193,93,11,28,18,7,16,32,0,15,17,7,13,13,13,538,7,9,3,1,9,2,2
Man Utd,0,Sunderland,7,3,7,1,0,4,0,2,6,6,8,1,3,0,0,6,5,1,0,21,14,5,3,18,8,66,580,52,594,29,617,397,246,332,311,111,318,217,11,8,18,9,13,15,0,8,7,3,0,12,8,754,18,11,0,0,4,0,1
Sunderland,1,Man Utd,7,0,4,1,0,4,0,3,4,4,6,0,3,0,0,4,3,2,0,6,10,2,0,11,9,74,257,25,306,28,303,227,104,178,151,72,191,68,9,11,23,11,14,18,0,3,15,4,9,17,11,451,10,10,0,0,4,2,0
West Ham,0,Norwich,7,2,7,8,0,4,0,2,6,6,13,0,6,0,0,12,2,4,1,24,13,7,0,25,16,68,334,44,358,45,357,278,123,193,208,57,201,144,6,10,17,8,19,22,0,14,8,4,9,7,21,519,9,15,0,1,5,1,0
Norwich,1,West Ham,7,2,7,5,0,4,0,9,7,7,12,0,4,0,0,6,8,2,0,17,8,5,1,17,12,71,448,32,487,31,488,323,196,267,248,109,250,160,8,6,16,6,18,36,0,20,16,4,10,17,15,649,12,11,0,1,5,1,3
Newcastle,0,Chelsea,7,2,5,3,0,3,0,0,5,5,10,0,1,0,0,8,1,2,0,11,18,4,1,28,10,65,268,31,302,36,297,233,98,155,170,55,177,101,11,22,30,10,20,25,0,12,13,4,18,12,17,463,7,11,0,0,2,1,1
Chelsea,1,Newcastle,7,2,4,8,0,4,0,7,9,9,11,0,5,0,0,11,2,3,0,21,11,6,1,29,11,61,523,70,514,42,542,379,202,287,290,74,275,235,10,24,27,11,13,17,0,11,6,3,10,15,20,702,10,10,0,0,3,0,0
Watford,0,Crystal Palace,7,0,2,9,1,4,0,1,9,9,8,0,7,0,0,6,4,5,0,30,16,6,0,30,10,83,370,44,409,42,411,304,148,224,225,64,213,176,3,12,14,10,10,20,0,9,11,5,12,17,21,535,2,7,0,0,2,3,2
Crystal Palace,1,Watford,7,1,3,8,1,5,0,6,8,8,8,0,7,1,0,8,7,1,0,26,10,4,0,15,8,59,298,49,308,48,309,257,98,173,180,57,157,143,10,11,14,3,6,50,0,30,20,4,8,22,10,483,6,6,0,0,2,0,0
West Brom,0,Everton,8,2,4,4,0,1,0,2,5,5,7,0,2,0,0,5,2,2,0,24,10,6,2,24,7,75,372,63,384,46,401,292,153,232,211,77,183,187,11,5,19,5,19,21,0,10,11,3,13,9,21,548,12,10,0,0,1,0,1
Everton,1,West Brom,8,3,4,5,0,3,0,4,5,5,9,0,3,0,0,7,3,2,0,17,11,4,3,20,9,75,441,47,469,26,490,332,181,259,255,121,237,158,5,14,17,11,12,37,0,20,17,1,18,8,15,641,9,12,0,1,2,1,0
Crystal Palace,0,West Brom,8,2,8,7,0,6,0,1,13,13,12,0,8,1,0,12,8,1,0,34,11,8,0,33,12,72,444,60,456,28,488,311,203,235,277,82,218,216,17,12,16,15,11,32,0,18,14,2,7,14,14,645,13,11,2,0,2,3,0
West Brom,1,Crystal Palace,8,0,2,3,0,2,0,3,4,4,5,0,2,0,0,4,3,0,0,11,17,3,0,18,4,75,260,30,305,59,276,241,93,159,175,73,145,117,15,3,22,17,10,35,0,19,16,6,15,13,16,466,14,7,1,0,6,1,1
Aston Villa,0,Stoke,8,0,2,4,0,7,0,0,7,7,8,0,5,0,0,9,2,2,0,29,12,9,0,29,8,54,490,55,489,32,512,357,180,265,277,59,288,197,22,18,18,12,14,17,0,10,7,3,13,12,18,672,10,11,0,0,4,2,1
Stoke,1,Aston Villa,8,1,5,4,0,3,0,8,4,4,9,0,3,0,0,8,2,2,0,16,14,5,0,25,12,64,361,56,369,33,392,280,144,206,217,91,221,113,12,10,27,22,14,29,0,16,13,6,11,12,17,563,9,19,0,0,2,2,0
Bournemouth,0,Watford,8,1,6,4,0,2,0,1,6,6,9,0,2,1,0,6,2,4,0,24,11,5,0,38,10,69,496,45,520,58,507,370,193,285,272,114,265,186,15,10,10,11,18,22,0,16,6,4,15,8,26,660,12,12,0,1,1,3,0
Watford,1,Bournemouth,8,1,2,5,1,4,0,6,5,5,7,0,4,0,0,6,4,1,0,16,7,3,1,31,6,86,387,49,424,39,434,306,167,238,232,69,242,162,11,6,18,15,16,16,0,8,8,2,14,13,20,575,5,17,0,0,5,2,1
Man City,0,Newcastle,8,6,11,8,1,4,0,5,9,9,17,0,6,0,0,13,7,3,0,26,8,6,5,20,15,56,584,43,597,33,607,419,217,321,308,57,302,281,9,13,20,10,10,13,0,7,6,1,4,13,6,742,12,6,0,1,3,2,0
Newcastle,1,Man City,8,1,4,1,0,1,0,4,2,2,6,0,0,0,0,4,0,2,0,9,14,3,0,13,6,66,291,38,319,26,331,226,130,167,188,71,195,91,10,14,24,9,21,23,0,8,15,4,19,8,8,486,8,9,1,1,5,1,0
Norwich,0,Leicester,8,1,2,9,1,6,0,2,6,6,10,0,7,0,0,9,3,5,0,48,4,16,0,34,15,74,502,68,508,47,529,376,197,291,282,92,236,248,14,15,14,10,8,44,0,36,8,3,10,4,29,707,17,8,1,0,3,1,0
Leicester,1,Norwich,8,2,5,8,0,3,0,11,1,1,10,2,3,1,0,7,5,4,0,21,4,8,1,20,14,63,234,45,252,48,249,225,72,151,146,43,130,124,10,11,31,14,23,40,0,20,20,6,24,4,21,456,5,9,1,0,1,3,3
Sunderland,0,West Ham,8,2,3,5,0,4,0,1,6,6,10,0,2,0,0,7,4,1,0,8,11,1,2,18,9,62,332,24,370,45,349,257,136,197,194,63,229,102,4,11,25,9,12,32,0,17,15,5,8,14,15,527,11,8,0,1,4,3,0
West Ham,1,Sunderland,8,2,6,9,0,5,0,10,8,8,15,0,5,0,0,14,3,3,0,32,14,8,1,26,16,70,432,61,441,39,463,337,161,267,234,45,263,194,9,16,19,4,12,12,0,10,2,4,4,11,21,604,9,12,0,1,1,0,0
Chelsea,0,Southampton,8,1,3,4,0,3,0,0,6,6,7,0,3,0,0,10,0,0,0,14,14,4,1,21,7,74,519,47,546,50,543,377,211,311,281,87,322,184,5,13,22,8,18,12,0,6,6,4,10,14,19,698,7,8,2,0,2,4,1
Southampton,1,Chelsea,8,3,5,4,0,4,0,8,5,5,8,1,4,0,0,10,3,0,0,15,11,6,1,22,9,68,332,39,361,52,348,274,126,198,201,79,187,134,8,6,19,5,17,30,0,19,11,3,18,14,26,526,17,17,0,0,2,1,1
Everton,0,Liverpool,8,1,4,2,0,8,0,0,8,8,10,0,4,0,0,6,6,2,0,17,16,5,1,24,9,72,364,49,387,36,400,304,131,202,232,54,205,177,12,11,27,10,14,25,0,14,11,4,10,10,14,571,19,11,0,0,3,2,0
Liverpool,1,Everton,8,1,4,5,0,4,0,8,2,2,7,0,6,0,0,5,3,5,0,21,10,11,4,23,13,53,368,52,369,23,398,282,136,218,201,94,183,144,10,14,27,12,8,28,0,11,17,7,8,19,18,556,15,10,1,1,3,1,0
Swansea,0,Tottenham,8,1,2,5,0,4,0,1,4,4,8,0,3,0,0,5,2,4,0,20,17,5,0,18,9,82,367,67,382,32,417,300,149,233,211,97,225,127,8,12,18,13,22,21,0,6,15,4,7,8,18,579,9,13,1,1,9,3,0
Tottenham,1,Swansea,8,2,11,4,0,4,1,8,10,10,13,2,4,0,1,12,6,1,0,26,5,6,0,13,15,45,482,45,482,29,498,351,172,258,268,119,249,159,13,15,17,8,19,28,0,19,9,4,8,19,5,658,6,10,0,0,1,1,0
Arsenal,0,Man Utd,8,3,5,5,1,2,0,1,3,3,10,0,2,0,0,7,4,1,0,7,17,3,3,12,10,57,357,33,381,28,386,266,147,207,201,123,193,98,16,9,29,12,23,28,0,12,16,1,13,8,12,572,16,7,0,0,5,4,0
Man Utd,1,Arsenal,8,0,5,3,0,1,0,2,7,7,8,0,1,0,0,6,3,0,0,24,10,6,0,18,8,58,621,62,617,33,646,403,276,344,332,72,341,266,12,13,22,16,6,5,0,2,3,2,9,17,11,769,18,6,0,0,2,0,1
Tottenham,0,Liverpool,10,0,4,4,0,5,0,1,8,8,10,0,3,0,0,9,3,1,0,21,14,8,2,31,9,61,403,44,420,29,435,318,145,228,229,117,203,144,12,11,41,12,20,36,0,16,20,5,15,15,14,644,19,22,0,0,3,1,0
Liverpool,1,Tottenham,10,0,3,4,1,5,0,3,8,8,9,0,3,0,0,6,4,2,0,18,16,6,2,40,10,51,449,31,469,51,449,330,167,246,251,77,250,173,12,7,29,12,11,27,0,16,11,5,16,11,20,645,35,17,1,0,4,1,0
Southampton,0,Leicester,10,2,6,5,1,2,0,3,4,4,9,0,4,0,0,6,3,4,0,21,9,6,0,16,11,62,339,49,352,30,371,269,130,208,188,81,215,105,11,7,15,10,18,58,0,33,25,8,15,16,29,568,15,11,0,0,5,2,1
Leicester,1,Southampton,10,2,7,12,0,8,0,16,11,11,18,0,9,0,0,17,4,6,0,33,10,7,1,25,15,72,329,73,328,42,359,282,118,209,189,38,169,194,10,7,19,11,29,15,0,11,4,3,19,10,21,528,10,12,0,0,3,1,0
West Brom,0,Sunderland,10,1,2,5,0,2,0,2,2,2,9,0,0,0,0,3,4,2,0,24,18,1,0,23,6,81,421,74,428,62,440,322,177,237,263,64,237,201,8,11,9,7,11,18,0,11,7,5,8,12,29,600,14,13,0,0,2,1,0
Sunderland,1,West Brom,10,0,2,1,0,6,0,2,5,5,5,0,4,0,0,5,2,2,0,19,13,5,3,19,8,78,314,43,349,35,357,261,130,208,182,62,205,125,7,5,24,8,11,43,0,18,25,2,9,13,22,513,6,10,0,1,1,2,0
Chelsea,0,Aston Villa,10,1,3,3,0,3,0,0,3,3,5,0,4,0,0,6,1,2,0,12,14,4,5,29,8,54,403,40,417,44,413,308,145,235,217,72,216,169,8,8,31,10,21,24,0,14,10,3,15,22,24,580,14,15,0,0,1,1,0
Aston Villa,1,Chelsea,10,0,1,6,0,3,1,6,3,3,5,0,5,0,1,5,3,2,0,18,19,4,0,31,6,66,411,36,441,47,430,313,163,241,233,82,264,131,10,27,19,8,27,27,0,19,8,3,13,17,28,619,9,20,0,1,2,0,0
Crystal Palace,0,West Ham,10,1,1,3,0,2,0,1,1,1,3,0,2,1,0,2,3,1,0,15,12,1,2,26,5,70,300,40,330,32,338,254,116,190,178,73,158,139,6,10,21,17,26,14,0,7,7,8,11,9,13,484,19,13,0,0,1,1,0
West Ham,1,Crystal Palace,10,3,4,12,1,8,0,11,12,12,18,0,6,0,0,14,7,3,0,25,9,9,2,22,19,42,529,43,528,37,534,362,205,300,271,54,281,236,17,12,27,6,9,20,0,12,8,2,12,11,13,699,12,9,0,0,0,0,0
Everton,0,Man Utd,10,0,3,6,0,3,0,2,5,5,7,0,5,0,0,5,6,1,0,19,10,5,2,22,7,69,435,66,438,26,478,323,176,258,244,111,207,186,13,12,25,12,10,21,0,11,10,2,11,12,15,614,13,10,0,1,3,1,0
Man Utd,1,Everton,10,3,7,2,0,1,0,6,3,3,8,0,2,0,0,8,1,1,0,13,11,3,0,20,9,59,501,36,524,31,529,347,212,303,257,94,293,173,12,15,23,13,16,25,0,11,14,3,15,14,11,688,12,12,0,0,3,0,0
Man City,0,Bournemouth,10,5,11,5,0,0,0,2,4,4,15,1,0,0,0,12,3,1,0,7,6,1,4,28,12,74,529,39,564,28,575,354,245,305,295,98,329,176,17,9,14,10,20,29,0,16,13,1,17,11,19,714,7,8,0,0,0,2,1
Bournemouth,1,Man City,10,1,1,3,0,1,0,1,4,4,5,0,0,0,0,4,0,1,0,26,10,7,0,25,5,51,456,40,467,43,464,331,172,248,249,72,286,149,10,6,15,17,18,14,0,5,9,0,14,5,14,587,8,11,1,1,6,1,0
Watford,0,Arsenal,10,0,1,6,0,1,0,0,6,6,7,0,1,0,0,5,3,0,0,16,15,3,0,18,7,75,269,47,297,40,304,237,107,173,170,49,153,142,8,7,25,18,17,25,0,8,17,6,17,11,10,474,12,16,0,0,3,2,0
Arsenal,1,Watford,10,3,6,5,1,6,0,12,4,4,15,0,2,0,0,11,4,2,0,22,12,9,7,12,16,50,614,66,598,29,635,413,245,339,321,111,321,232,18,14,17,8,21,31,0,19,12,1,8,12,12,831,16,20,2,0,1,1,0
Newcastle,0,Norwich,10,6,6,2,0,3,0,1,1,1,7,3,1,0,0,5,4,2,0,15,11,3,2,16,9,73,335,43,365,38,370,270,138,197,205,64,205,139,11,16,13,16,19,18,0,8,10,7,12,10,16,537,11,7,1,0,3,1,1
Norwich,1,Newcastle,10,2,6,6,2,6,0,7,10,10,12,0,6,0,0,9,6,3,0,29,10,7,1,20,14,53,461,53,461,44,470,346,166,251,262,69,248,197,16,5,26,11,10,24,0,12,12,3,10,10,23,627,8,8,1,0,0,2,0
Swansea,0,Stoke,11,0,2,10,1,2,0,0,9,9,12,0,2,0,0,11,1,2,0,23,13,1,1,29,11,38,566,46,558,27,577,388,213,302,300,83,362,159,16,21,18,6,11,21,0,9,12,1,14,6,12,714,12,10,0,0,1,1,0
Stoke,1,Swansea,11,1,2,6,0,1,0,6,3,3,8,0,0,1,0,5,4,0,0,9,6,2,2,18,7,72,433,42,463,19,486,304,200,247,257,140,262,103,6,8,32,16,15,15,0,11,4,2,10,14,11,620,11,8,0,0,2,6,0
Aston Villa,0,Swansea,11,1,3,5,0,1,0,1,3,3,6,0,3,0,0,5,2,2,0,25,10,4,1,29,8,70,364,54,380,54,380,315,113,201,225,60,225,149,15,13,14,6,19,18,0,13,5,1,15,10,22,526,6,14,0,0,2,1,0
Swansea,1,Aston Villa,11,2,4,5,0,1,0,4,5,5,7,0,3,0,0,5,4,1,0,17,7,6,1,25,8,69,397,49,417,39,427,308,156,236,228,70,283,113,6,8,16,15,19,22,0,13,9,1,14,8,22,574,8,15,0,0,2,3,1
Leicester,0,Crystal Palace,11,1,3,5,1,4,0,1,9,9,9,0,3,0,0,6,6,0,0,14,10,3,1,22,6,81,381,52,410,55,407,309,152,250,211,80,245,137,12,10,21,9,22,38,0,12,26,2,14,7,20,598,8,12,0,0,4,0,0
Crystal Palace,1,Leicester,11,0,4,3,0,2,0,3,6,6,7,0,2,0,0,4,3,2,0,23,8,2,0,37,7,78,442,51,469,60,460,346,172,259,260,96,245,179,9,12,15,12,16,14,0,8,6,4,6,11,27,613,13,15,0,1,2,1,0
West Ham,0,Chelsea,11,2,5,4,0,3,0,0,6,6,9,0,3,0,0,9,1,2,0,19,14,7,0,26,9,69,350,43,376,34,385,269,150,221,198,76,204,139,11,7,17,13,15,21,0,10,11,1,6,10,13,522,12,12,0,0,2,2,0
Chelsea,1,West Ham,11,1,4,5,0,0,0,5,3,3,3,1,5,0,0,5,1,3,0,11,11,4,1,22,8,53,444,31,466,39,458,320,175,242,254,88,259,150,13,10,18,11,14,27,0,18,9,3,6,12,14,605,9,5,0,0,3,2,0
Norwich,0,West Brom,11,0,3,9,0,4,0,2,8,8,12,0,4,0,0,10,3,3,0,46,2,13,0,17,10,75,460,60,475,55,480,339,193,282,253,77,220,238,10,4,8,5,8,45,0,29,16,0,5,11,24,654,7,15,0,0,3,1,0
West Brom,1,Norwich,11,1,4,3,0,0,0,2,3,3,6,0,1,0,0,2,2,3,0,20,14,3,2,16,5,87,266,35,318,58,295,246,106,173,178,38,185,130,5,2,10,10,23,45,0,25,20,4,15,6,25,472,8,11,0,0,3,3,4
Stoke,0,Watford,11,0,0,8,0,3,0,0,7,7,9,0,2,0,0,1,8,2,0,26,14,11,0,25,8,66,513,53,526,28,551,364,214,294,283,117,290,172,7,13,19,3,12,17,0,5,12,5,5,10,13,682,10,14,0,1,1,1,0
Watford,1,Stoke,11,2,3,5,2,5,0,6,7,7,11,0,2,0,0,9,3,1,0,12,15,5,0,18,9,64,237,31,270,37,264,208,92,154,147,38,130,133,3,10,20,7,20,25,0,10,15,3,18,18,13,416,11,18,0,0,0,0,4
Arsenal,0,Everton,11,2,5,9,2,6,0,2,5,5,14,0,6,0,0,7,6,7,0,19,15,7,7,23,16,61,512,52,521,30,543,363,205,292,276,63,285,225,17,17,20,18,34,14,0,6,8,2,19,11,13,732,20,14,2,0,4,1,0
Everton,1,Arsenal,11,1,5,3,1,2,0,4,5,5,7,0,3,0,0,6,2,2,0,19,10,5,0,21,6,64,386,39,411,11,439,290,159,207,243,97,226,127,18,10,36,17,18,21,0,12,9,6,12,14,8,591,12,13,1,0,3,1,0
Sunderland,0,Newcastle,11,3,3,1,1,5,0,1,3,3,5,1,2,1,0,4,4,1,0,11,9,1,2,23,8,66,282,38,310,56,292,252,95,170,176,40,164,144,5,14,14,15,14,25,0,13,12,5,12,12,17,461,6,12,0,0,8,0,2
Newcastle,1,Sunderland,11,0,8,8,0,5,0,12,8,8,16,0,5,0,0,10,9,2,0,30,9,10,3,22,16,73,442,47,468,40,475,320,194,225,286,106,230,179,15,11,19,5,10,9,0,3,6,4,6,10,14,615,4,11,0,0,0,2,0
Bournemouth,0,Tottenham,11,1,3,6,1,2,0,0,5,5,8,0,3,0,0,3,6,2,0,19,19,4,0,24,9,72,375,42,405,30,417,288,158,244,199,84,219,144,9,8,28,6,17,20,0,11,9,3,11,8,12,574,18,12,0,2,4,1,0
Tottenham,1,Bournemouth,11,5,9,2,1,3,0,7,5,5,8,0,5,1,0,8,4,2,0,15,10,5,1,23,8,71,457,48,480,35,493,314,213,273,252,75,309,144,6,10,22,9,25,24,0,13,11,3,5,15,18,650,18,8,0,1,1,0,0
Man Utd,0,Man City,11,0,1,2,1,3,0,0,2,2,3,0,3,0,0,3,2,1,0,22,9,6,1,28,5,74,521,54,541,38,557,377,217,301,294,105,309,181,13,14,19,8,14,24,0,14,10,3,11,17,23,699,16,12,0,0,1,0,0
Man City,1,Man Utd,11,0,1,2,0,3,0,3,3,3,3,0,3,0,0,5,0,1,0,12,14,4,0,25,4,65,359,37,387,32,392,287,135,237,184,71,217,136,8,8,28,13,15,30,0,17,13,3,12,13,15,535,12,10,0,0,1,0,0
Liverpool,0,Southampton,11,1,2,8,0,5,0,0,7,7,12,0,3,0,0,9,5,1,0,22,12,10,4,18,13,61,573,59,575,44,590,416,216,317,309,120,317,197,14,11,23,6,15,24,0,14,10,2,13,8,15,784,19,13,1,0,2,1,0
Southampton,1,Liverpool,11,1,3,3,0,2,0,4,1,1,5,0,3,0,0,4,1,3,0,20,11,7,4,25,8,75,355,62,368,43,387,300,128,217,212,70,166,194,6,14,29,14,23,33,0,15,18,5,15,11,20,566,11,12,0,0,1,0,0
Chelsea,0,Liverpool,12,1,2,2,0,4,0,0,3,3,8,0,0,0,0,5,1,2,0,12,17,1,1,18,4,57,397,34,420,30,424,310,142,235,215,71,227,156,11,9,35,9,17,19,0,5,14,4,15,9,14,607,19,17,0,0,4,3,1
Liverpool,1,Chelsea,12,3,7,5,0,4,0,10,6,6,13,1,2,0,0,7,8,1,0,17,11,7,0,37,12,53,572,50,575,28,597,396,226,309,313,116,312,197,9,9,27,11,10,16,0,9,7,4,13,21,13,739,26,13,1,0,1,0,0
Crystal Palace,0,Man Utd,12,0,5,3,0,2,0,0,0,0,5,0,5,0,0,5,3,2,0,21,12,7,0,28,5,64,346,57,353,40,370,284,124,202,202,101,166,143,10,18,20,5,18,13,0,8,5,2,8,12,15,511,6,15,0,0,1,1,0
Man Utd,1,Crystal Palace,12,0,1,2,0,2,0,2,3,3,3,0,2,0,0,5,0,0,0,14,8,3,1,14,3,58,430,38,450,41,447,298,190,232,254,80,271,137,5,8,23,10,15,28,0,17,11,2,6,15,15,613,13,16,1,0,5,0,0
Man City,0,Norwich,12,2,5,10,0,6,0,1,6,6,12,0,7,2,0,8,6,6,1,31,9,12,6,21,16,49,730,45,734,29,750,468,305,385,390,71,423,285,8,4,16,8,5,27,0,14,13,1,11,4,21,891,14,12,0,1,2,3,0
Norwich,1,Man City,12,1,3,1,0,1,0,2,1,1,1,0,4,0,0,3,1,1,0,15,8,4,0,12,3,58,267,19,306,22,303,215,110,166,159,52,159,114,8,9,15,8,14,33,0,17,16,5,12,13,10,438,8,6,1,1,3,2,1
Newcastle,0,Stoke,12,0,6,5,1,4,0,0,4,4,9,0,6,0,0,8,1,6,0,28,17,11,2,16,14,52,413,53,412,38,427,303,160,239,224,76,206,183,9,13,15,8,13,10,0,6,4,1,10,6,13,562,5,10,0,0,2,1,1
Stoke,1,Newcastle,12,0,2,6,0,1,0,8,1,1,9,0,0,0,0,6,2,1,0,19,9,4,1,17,7,62,365,47,380,35,392,297,129,226,199,61,194,172,8,10,16,9,9,18,0,9,9,4,6,16,8,522,6,9,0,0,6,1,1
Swansea,0,Arsenal,12,0,3,1,0,3,0,0,5,5,4,0,3,0,0,3,2,2,0,20,7,4,1,18,5,64,528,49,543,28,564,372,218,310,278,137,301,154,10,8,9,14,9,10,0,5,5,1,22,12,11,678,11,11,0,1,2,4,0
Arsenal,1,Swansea,12,3,5,7,0,2,0,7,5,5,8,1,5,0,0,4,7,3,0,19,14,4,2,17,11,42,460,46,456,27,475,339,160,253,243,75,240,187,14,6,16,10,21,19,0,9,10,3,17,7,12,619,5,11,1,0,3,2,2
Watford,0,West Ham,12,2,5,6,0,9,0,1,5,5,13,0,7,0,0,11,6,3,0,22,12,7,0,22,13,74,377,58,393,47,404,292,154,218,232,80,179,192,9,7,17,6,8,25,0,11,14,0,10,16,12,561,9,9,1,0,3,2,3
West Ham,1,Watford,12,0,3,5,1,0,0,5,3,3,5,0,3,0,0,5,1,2,0,17,18,2,1,21,6,75,364,47,392,40,399,268,170,218,218,95,248,96,6,11,15,9,13,39,0,21,18,9,10,12,24,560,7,11,0,2,3,1,0
West Brom,0,Leicester,12,2,6,5,0,3,0,3,6,6,9,0,4,1,0,8,3,3,0,27,7,6,1,38,10,65,336,32,369,63,338,281,120,209,190,98,148,155,16,3,12,2,12,27,0,14,13,5,18,3,28,513,23,5,0,0,2,3,0
Leicester,1,West Brom,12,3,5,3,0,5,0,9,3,3,10,1,2,0,0,5,6,2,0,28,5,4,1,21,10,86,333,67,352,64,355,295,123,230,187,59,184,176,2,11,25,16,16,27,0,13,14,3,12,11,23,533,4,9,0,0,4,3,1
Everton,0,Sunderland,12,5,8,5,0,2,0,0,7,7,13,1,1,0,0,5,8,2,0,19,7,6,4,17,14,49,681,46,684,34,696,435,292,356,370,112,343,275,7,10,8,13,9,21,0,13,8,5,5,6,12,842,10,12,0,1,7,2,0
Sunderland,1,Everton,12,2,9,3,2,5,1,10,6,6,15,1,1,0,1,9,7,1,0,14,9,1,1,17,12,70,292,39,323,32,330,250,109,191,171,41,175,146,13,4,19,7,17,26,0,9,17,1,9,5,13,477,4,6,0,0,3,2,0
Southampton,0,Bournemouth,12,2,2,4,0,5,0,1,4,4,7,0,4,0,0,6,3,2,0,19,5,4,0,18,8,71,447,55,463,38,480,308,209,271,245,106,276,136,4,11,21,7,19,28,0,9,19,5,15,5,19,636,9,14,0,0,2,0,0
Bournemouth,1,Southampton,12,0,2,9,0,5,0,7,9,9,10,0,6,0,0,7,5,4,0,17,4,6,1,33,11,55,509,43,521,30,534,345,217,283,276,82,302,180,7,10,18,4,12,21,0,12,9,5,7,5,14,662,15,16,0,0,0,0,3
Tottenham,0,Aston Villa,13,3,6,4,0,7,0,0,7,7,11,0,6,0,0,8,7,2,0,12,13,4,1,33,12,82,495,42,535,49,528,355,221,289,287,92,321,164,9,15,21,12,19,31,0,17,14,5,8,6,19,707,13,15,0,1,1,0,1
Aston Villa,1,Tottenham,13,1,2,5,1,6,0,4,8,8,10,0,3,0,0,10,1,2,0,15,8,3,0,33,8,69,307,46,330,55,321,269,103,201,169,47,193,136,12,17,24,9,19,24,0,13,11,7,6,15,20,510,5,16,0,0,3,1,0
Bournemouth,0,Newcastle,13,0,5,8,0,7,0,1,10,10,15,0,5,0,0,5,10,5,0,44,10,16,1,24,16,60,593,69,584,36,617,409,238,319,323,100,309,244,9,15,22,6,13,6,0,2,4,0,5,9,13,761,15,15,0,0,0,0,0
Newcastle,1,Bournemouth,13,1,1,1,0,0,0,1,0,0,1,0,1,0,0,0,1,1,0,3,12,0,0,19,1,74,250,40,284,26,298,218,102,147,175,66,173,85,6,14,27,9,15,36,0,13,23,7,27,11,14,461,12,10,0,0,5,2,6
Leicester,0,Watford,13,2,6,4,0,2,0,1,5,5,8,0,3,1,0,6,5,1,0,25,6,4,2,15,8,69,349,67,351,60,358,294,122,207,211,47,207,164,10,10,15,6,32,23,0,12,11,0,24,11,11,545,5,9,0,0,3,0,1
Watford,1,Leicester,13,1,4,4,1,0,0,3,5,5,6,0,1,1,0,8,0,0,0,12,14,2,0,30,5,96,507,62,541,55,548,411,192,304,295,90,322,191,6,10,13,10,16,26,0,15,11,2,13,10,13,696,8,9,0,1,4,3,0
Man Utd,0,West Brom,13,2,3,5,0,5,0,0,6,6,9,0,3,1,0,8,5,0,0,23,8,5,0,25,9,80,618,63,635,48,650,443,255,358,338,97,324,277,7,14,15,10,15,12,0,6,6,1,11,11,21,782,10,10,0,0,0,0,1
West Brom,1,Man Utd,13,0,0,3,0,1,0,3,1,1,2,0,2,0,0,0,1,3,0,13,9,1,0,14,3,84,251,20,315,42,293,241,93,154,179,76,159,100,10,3,21,7,26,27,0,10,17,5,13,10,22,472,15,9,1,1,1,1,0
Norwich,0,Swansea,13,1,5,4,0,0,0,2,5,5,6,0,3,0,0,3,2,4,0,18,6,5,0,13,6,57,315,28,344,20,352,248,123,188,181,60,163,149,6,9,11,6,11,13,0,7,6,1,14,12,11,452,6,11,0,0,0,1,0
Swansea,1,Norwich,13,0,0,7,1,1,0,4,4,4,7,0,1,0,0,6,1,1,0,16,14,2,2,19,8,71,679,38,712,25,725,450,297,388,360,103,447,200,6,3,12,6,13,15,0,8,7,0,4,7,14,828,9,10,0,0,4,2,2
West Ham,0,Everton,13,1,5,8,0,3,0,0,8,8,14,0,2,0,0,10,3,3,0,23,9,3,0,18,14,41,445,42,444,25,461,313,171,256,228,99,256,131,12,11,18,15,15,16,0,7,9,3,7,11,12,596,3,8,0,0,3,0,1
Everton,1,West Ham,13,1,4,6,0,3,0,6,6,6,8,0,5,0,0,6,5,2,0,16,9,5,4,13,10,53,413,38,428,13,453,310,154,249,215,112,216,138,15,14,10,12,7,24,0,9,15,3,12,12,6,583,7,7,0,0,4,1,3
Sunderland,0,Southampton,13,0,3,5,0,1,0,0,4,4,5,0,4,0,0,4,2,3,0,14,15,3,0,19,4,78,270,42,306,53,295,247,98,180,164,55,156,137,5,9,13,3,17,52,0,27,25,4,19,10,24,486,7,14,0,0,3,0,1
Southampton,1,Sunderland,13,1,5,5,0,4,0,8,5,5,12,0,1,1,0,7,6,1,0,33,10,7,2,28,9,67,550,69,548,50,567,407,210,322,292,76,282,259,3,3,14,5,13,34,0,20,14,1,8,11,29,712,11,6,0,0,3,1,0
Stoke,0,Chelsea,13,1,2,5,0,1,0,1,2,2,8,0,0,0,0,4,2,2,0,13,10,1,1,28,8,51,274,42,283,36,289,232,92,172,152,54,170,101,8,17,15,15,16,21,0,7,14,7,12,13,15,442,5,18,0,0,4,0,1
Chelsea,1,Stoke,13,0,4,8,1,7,0,10,9,9,17,1,1,0,0,12,7,0,0,18,13,9,1,23,12,53,480,48,485,30,503,352,175,262,264,45,252,236,15,10,19,8,14,12,0,6,6,1,8,10,7,638,8,14,0,0,1,1,0
Aston Villa,0,Man City,13,0,0,3,0,0,0,0,2,2,1,0,2,0,0,0,3,0,0,12,7,3,1,19,2,66,375,28,413,32,409,272,162,212,221,44,250,147,16,10,7,5,18,30,0,14,16,5,13,7,12,557,7,16,0,0,3,3,1
Man City,1,Aston Villa,13,0,3,5,1,5,0,7,3,3,6,0,7,0,0,5,4,4,0,35,6,8,2,26,9,51,590,48,593,39,602,402,234,325,310,82,327,232,5,3,16,16,10,17,0,13,4,0,7,7,19,714,5,15,0,0,0,2,0
Arsenal,0,Tottenham,13,1,4,5,1,1,0,2,1,1,4,0,6,0,0,2,3,5,0,23,15,7,4,32,10,67,451,64,454,48,470,360,155,265,245,93,218,207,5,10,35,16,13,20,0,12,8,3,16,12,12,641,16,18,1,0,3,0,0
Tottenham,1,Arsenal,13,1,4,7,0,3,0,9,4,4,11,0,3,0,0,9,3,2,0,14,12,6,2,24,10,67,356,36,387,32,391,299,122,218,203,82,199,142,16,17,22,5,14,35,0,18,17,1,20,17,16,564,19,8,0,1,3,0,2
Liverpool,0,Crystal Palace,13,1,4,9,0,9,0,1,6,6,16,0,6,0,0,11,6,5,0,33,8,14,0,27,18,63,502,62,503,38,527,381,179,289,272,89,234,242,17,12,28,15,11,19,0,5,14,1,12,7,18,699,15,19,2,1,2,2,0
Crystal Palace,1,Liverpool,13,2,4,4,0,1,0,4,4,4,5,1,3,0,0,4,3,2,0,18,7,6,1,23,5,84,244,41,287,30,298,228,99,153,172,51,157,120,15,16,25,17,17,40,0,21,19,8,11,6,10,485,16,15,0,0,3,0,0
Watford,0,Man Utd,15,1,5,2,0,3,1,1,2,2,7,1,1,1,1,9,1,0,0,15,16,4,1,33,7,76,361,55,382,60,377,285,148,211,224,73,214,150,8,6,28,4,24,32,0,17,15,2,14,6,12,570,14,12,1,0,5,2,0
Man Utd,1,Watford,15,1,6,5,0,2,0,7,5,5,9,0,4,0,0,8,5,0,0,22,7,10,1,30,10,85,467,56,496,56,496,356,195,291,258,71,272,209,4,8,18,8,22,19,0,10,9,3,14,12,13,674,21,19,1,0,4,2,2
Swansea,0,Bournemouth,15,2,4,2,0,5,0,1,4,4,8,0,2,1,0,6,3,2,0,17,11,4,1,25,10,79,364,57,386,37,406,277,162,224,217,66,255,122,5,7,17,17,20,39,0,13,26,6,14,8,14,574,5,22,1,0,2,3,0
Bournemouth,1,Swansea,15,2,4,6,0,6,0,8,7,7,13,0,3,0,0,8,7,1,0,18,7,5,0,27,13,59,528,48,539,34,553,357,225,276,304,88,307,192,17,10,11,5,20,19,0,10,9,5,17,9,18,712,12,14,0,0,2,0,1
Southampton,0,Stoke,15,0,1,13,0,1,0,0,6,6,10,0,5,0,0,7,6,2,0,40,7,7,1,26,12,64,522,85,501,55,531,405,181,282,303,67,230,289,9,3,16,8,12,8,0,2,6,2,13,8,19,667,11,14,0,0,2,0,0
Stoke,1,Southampton,15,1,4,11,0,1,0,7,8,8,16,0,0,0,0,7,8,1,0,10,8,3,2,18,14,77,343,25,395,47,373,281,137,195,219,89,209,122,8,8,13,9,20,38,0,22,16,1,15,8,20,557,10,12,0,0,1,5,0
West Brom,0,Arsenal,15,1,1,2,1,1,0,1,1,1,1,0,3,0,0,3,0,1,0,16,9,3,0,15,2,66,213,37,242,23,256,193,83,147,128,39,129,111,5,7,20,17,25,28,0,17,11,1,15,14,13,405,8,10,0,0,2,2,0
Arsenal,1,West Brom,15,1,3,7,1,1,1,6,4,4,7,0,3,1,1,4,6,1,0,23,16,5,8,12,6,41,684,67,658,42,683,466,255,352,368,101,380,244,17,11,13,5,17,17,0,10,7,1,11,10,14,846,11,11,0,0,0,0,0
Newcastle,0,Leicester,15,0,1,4,0,4,0,0,3,3,3,1,5,0,0,5,3,1,0,18,9,4,0,28,5,66,440,56,450,46,460,340,164,233,269,113,272,121,8,15,20,14,21,19,0,9,10,5,16,9,19,626,15,11,0,0,4,5,0
Leicester,1,Newcastle,15,3,7,5,1,6,0,11,3,3,11,1,6,0,0,9,6,3,0,24,7,9,2,29,15,68,364,56,376,48,384,301,129,220,210,52,171,209,14,12,27,8,23,16,0,9,7,5,15,12,20,563,12,15,1,0,0,3,0
Everton,0,Aston Villa,15,4,9,4,0,3,0,1,5,5,15,0,1,0,0,11,4,1,0,11,10,2,1,16,10,69,571,57,583,20,620,388,249,308,329,152,323,165,13,6,23,8,10,13,0,6,7,4,7,6,6,758,12,17,0,0,3,0,0
Aston Villa,1,Everton,15,0,3,3,0,4,0,2,7,7,8,0,2,0,0,8,1,1,0,9,7,3,0,21,10,55,384,29,410,22,417,290,145,211,225,92,235,112,8,20,18,13,23,15,0,9,6,2,10,9,5,550,4,8,1,0,5,2,0
Chelsea,0,Norwich,15,1,7,9,1,5,0,0,9,9,14,1,6,0,0,17,4,0,0,29,10,6,3,23,18,62,597,64,595,48,611,418,236,321,335,64,265,330,22,13,19,10,13,20,0,13,7,1,10,4,25,792,14,12,1,0,2,0,1
Norwich,1,Chelsea,15,0,2,1,0,1,0,3,1,1,3,0,1,0,0,1,3,0,0,15,10,5,0,22,3,74,299,32,341,35,338,257,115,177,193,51,188,134,10,7,26,22,11,34,0,19,15,5,15,12,13,504,13,11,0,0,6,2,0
Man City,0,Liverpool,15,1,3,5,0,3,1,1,6,6,8,0,3,0,1,5,5,1,0,32,16,11,3,39,9,80,528,52,556,43,565,413,191,278,325,82,285,241,14,13,16,11,14,26,0,10,16,3,13,5,24,722,19,6,1,0,6,0,0
Liverpool,1,Man City,15,3,9,2,0,3,0,9,4,4,10,0,4,0,0,12,1,1,0,8,4,5,4,17,12,67,355,39,383,49,373,305,116,194,223,77,201,144,11,8,32,14,32,28,0,16,12,3,22,13,19,590,10,11,1,0,2,1,0
Tottenham,0,West Ham,15,4,12,5,2,5,0,1,8,8,19,0,3,0,0,16,4,2,0,19,10,7,2,25,16,61,470,51,480,29,502,342,189,257,273,68,278,185,9,7,21,13,22,29,0,18,11,3,10,13,12,674,23,12,0,1,3,0,0
West Ham,1,Tottenham,15,1,4,3,1,3,0,4,6,6,6,0,4,0,0,5,3,2,0,23,15,6,1,32,9,64,368,41,391,46,386,291,139,231,197,76,229,127,13,9,28,9,18,26,0,14,12,5,14,9,10,567,13,19,0,1,8,2,0
Crystal Palace,0,Sunderland,16,0,7,8,0,4,0,0,13,13,15,0,4,0,0,14,5,0,0,48,9,11,1,24,14,71,458,76,453,40,489,343,183,255,272,83,223,223,10,13,15,12,13,22,0,15,7,3,11,18,18,655,15,14,0,1,2,2,0
Sunderland,1,Crystal Palace,16,1,4,6,0,2,0,9,3,3,8,0,4,0,0,5,5,2,0,7,17,2,2,21,8,59,215,25,249,40,234,201,71,141,131,43,126,105,12,5,26,10,12,66,0,40,26,4,14,11,20,442,10,10,0,0,7,2,2
Sunderland,0,Stoke,16,2,5,7,0,6,0,0,9,9,12,0,6,0,0,12,5,1,0,21,10,9,8,12,13,56,419,41,434,36,439,313,162,240,231,76,219,180,9,6,18,15,14,14,0,7,7,1,8,4,17,587,2,17,0,0,4,1,0
Stoke,1,Sunderland,16,0,3,3,0,1,0,1,3,3,5,0,2,0,0,3,2,2,0,15,2,5,1,20,5,63,454,47,470,18,499,327,188,256,258,86,268,163,15,5,8,9,13,23,0,13,10,6,11,10,12,621,15,11,1,0,3,1,1
Aston Villa,0,Watford,16,2,6,4,0,2,1,1,6,6,6,0,6,0,1,7,1,4,0,31,11,10,1,29,10,62,502,51,513,52,512,360,198,282,278,83,325,156,16,18,9,5,25,30,0,17,13,6,11,6,21,708,5,20,1,0,4,3,0
Watford,1,Aston Villa,16,2,6,2,0,6,0,8,6,6,12,0,2,0,0,11,2,1,0,21,8,10,2,23,8,67,243,40,270,39,271,226,82,159,150,35,120,155,5,6,21,16,21,35,0,6,29,2,12,13,10,434,5,12,0,0,4,1,5
Bournemouth,0,Everton,16,3,10,5,0,4,0,0,6,6,13,0,6,0,0,5,9,5,0,29,6,10,0,34,15,55,555,62,548,36,574,367,240,319,286,100,294,216,9,13,22,13,22,21,0,7,14,4,9,6,13,732,13,13,1,0,3,1,0
Everton,1,Bournemouth,16,3,6,1,0,4,0,6,4,4,8,1,2,0,0,5,4,2,0,13,8,5,2,16,11,88,358,49,397,29,417,288,157,227,215,105,217,124,13,13,24,9,19,27,0,4,23,5,19,6,11,599,13,14,1,0,6,2,0
Crystal Palace,0,Newcastle,16,5,8,6,0,5,0,2,10,10,16,0,3,0,0,11,7,1,0,31,12,7,0,25,15,76,434,46,464,35,475,311,197,239,268,122,196,192,14,14,18,9,15,17,0,12,5,4,12,7,17,626,8,9,0,0,1,1,0
Newcastle,1,Crystal Palace,16,1,2,1,0,4,0,5,2,2,5,0,2,0,0,3,3,1,0,20,9,5,1,19,4,75,362,54,383,34,403,284,153,198,236,97,184,156,9,10,22,14,9,21,0,10,11,5,6,13,13,542,8,10,0,0,3,4,1
Man City,0,Southampton,16,3,9,1,0,6,0,1,8,8,10,0,6,0,0,8,6,2,0,16,12,6,2,23,12,56,373,31,398,23,406,275,152,219,204,50,227,152,7,6,28,13,26,30,0,15,15,2,7,14,13,570,15,13,0,0,7,0,2
Southampton,1,Man City,16,1,8,2,1,2,0,5,5,5,8,0,4,0,0,7,3,2,0,11,13,4,0,28,9,50,457,54,453,26,481,307,198,253,252,68,303,136,13,7,18,7,13,18,0,8,10,7,3,11,10,630,21,17,0,1,5,1,0
Leicester,0,Man Utd,16,1,3,2,0,2,0,0,4,4,5,2,0,0,0,5,2,0,0,13,7,1,2,31,5,59,254,48,265,41,272,234,79,147,164,46,125,142,11,13,27,8,23,26,0,14,12,4,14,5,17,440,7,18,0,0,1,3,0
Man Utd,1,Leicester,16,1,2,4,0,4,0,5,4,4,6,0,4,0,0,4,3,3,0,29,7,8,0,31,7,64,593,59,598,40,617,409,247,303,352,84,367,206,8,12,20,11,11,23,0,13,10,2,6,7,16,754,16,13,0,0,2,1,0
Tottenham,0,Chelsea,16,0,4,2,0,3,0,0,7,7,9,0,0,0,0,4,4,1,0,16,12,4,1,38,8,67,487,48,506,36,518,370,184,275,277,72,306,176,8,6,15,2,17,41,0,21,20,1,9,14,12,660,18,15,0,0,1,0,2
Chelsea,1,Tottenham,16,0,1,3,0,1,0,3,2,2,5,0,0,0,0,3,1,1,0,15,11,4,1,30,5,71,337,44,364,54,354,281,124,200,204,37,179,192,2,7,23,8,26,21,0,10,11,3,9,9,10,520,10,15,0,0,4,0,0
West Ham,0,West Brom,16,1,6,8,0,3,1,1,5,5,10,1,6,0,1,10,5,2,0,20,12,5,0,22,10,59,428,47,440,53,434,327,155,265,217,86,251,150,13,13,20,4,7,24,0,18,6,0,7,15,19,604,11,13,0,0,3,1,0
West Brom,1,West Ham,16,0,3,4,0,0,0,4,2,2,6,0,1,0,0,4,2,1,0,21,13,2,0,27,5,83,242,31,294,41,284,223,101,155,168,40,144,141,4,4,23,13,14,25,0,12,13,3,13,16,16,431,17,11,2,0,5,2,0
Liverpool,0,Swansea,16,1,2,3,0,5,0,0,2,2,6,0,3,1,0,3,5,2,0,22,5,8,1,33,8,56,534,62,528,31,559,352,237,293,296,80,298,212,7,13,24,9,20,27,0,16,11,4,12,12,10,711,12,17,0,0,0,1,0
Swansea,1,Liverpool,16,0,0,5,0,4,0,3,5,5,6,0,3,0,0,5,1,3,0,27,11,7,0,23,7,59,444,47,456,33,470,318,184,256,245,117,252,134,9,6,22,7,24,24,0,12,12,5,21,6,15,626,23,9,0,0,1,1,0
Norwich,0,Arsenal,16,1,2,4,0,1,0,1,4,4,5,0,2,0,0,5,2,0,0,20,6,3,0,19,6,63,334,36,361,26,371,244,151,200,195,45,206,146,8,5,16,10,7,36,0,18,18,5,10,8,7,494,7,7,0,1,1,1,1
Arsenal,1,Norwich,16,1,3,5,0,4,0,5,5,5,11,0,1,0,0,4,7,1,0,28,10,6,7,23,10,43,635,55,623,35,643,424,250,333,339,77,356,245,10,7,10,8,18,24,0,7,17,1,6,6,12,785,10,15,0,0,2,0,0
Stoke,0,Man City,17,2,4,3,2,0,0,1,1,1,7,0,0,0,0,5,1,1,0,9,10,1,6,23,7,63,384,54,393,43,404,299,147,216,224,70,248,129,26,13,17,11,41,18,0,4,14,1,16,9,10,618,17,19,1,0,4,1,0
Man City,1,Stoke,17,0,4,6,0,1,0,5,6,6,9,0,2,0,0,7,4,0,0,21,12,6,1,41,9,48,480,42,486,41,487,381,146,254,271,57,282,189,11,5,27,26,20,7,0,3,4,0,8,10,5,614,12,18,0,0,2,0,0
Swansea,0,Leicester,17,0,2,8,2,0,0,0,2,2,8,0,2,0,0,5,3,2,0,27,16,3,1,23,9,60,539,45,554,32,567,399,198,299,294,125,320,154,13,10,20,6,28,31,0,20,11,6,8,3,19,740,15,12,1,0,2,1,2
Leicester,1,Swansea,17,3,5,5,0,6,0,9,6,6,12,1,3,0,0,12,3,0,1,13,4,8,4,23,14,77,346,60,363,32,391,289,133,197,220,62,193,168,6,11,19,13,24,22,0,6,16,0,19,19,9,537,10,7,0,0,2,0,1
Watford,0,Norwich,17,2,7,4,0,3,0,1,5,5,11,0,2,1,0,8,5,1,0,13,14,4,1,38,10,82,357,48,391,55,384,305,134,226,212,68,200,171,11,11,11,8,15,37,0,15,22,2,10,11,15,548,2,13,0,0,1,3,3
Norwich,1,Watford,17,0,1,4,0,2,0,4,3,3,6,0,1,0,0,2,2,3,0,19,12,1,0,31,6,114,311,46,379,55,370,280,145,215,209,62,193,170,8,4,9,11,10,44,0,23,21,2,11,10,19,520,7,9,1,0,5,2,0
West Brom,0,Tottenham,17,1,4,3,0,4,0,1,5,5,7,1,3,0,0,5,3,3,0,25,4,3,0,24,7,75,265,37,303,50,290,239,101,183,156,55,124,161,7,6,15,14,25,15,0,7,8,4,15,13,15,452,12,13,0,0,2,0,0
Tottenham,1,West Brom,17,1,3,2,0,4,0,3,5,5,6,1,2,0,0,6,2,1,0,15,15,6,4,20,8,73,523,40,556,39,557,388,206,280,314,102,330,164,14,7,15,7,14,23,0,14,9,4,16,10,10,712,9,14,1,0,3,1,0
Arsenal,0,Sunderland,17,3,7,4,0,5,1,1,6,6,15,0,1,0,1,11,3,2,0,14,11,3,6,12,14,48,696,35,709,30,714,471,270,362,379,96,384,264,9,10,20,5,16,20,0,12,8,1,10,7,15,873,8,11,0,0,5,2,1
Sunderland,1,Arsenal,17,0,4,6,0,1,0,5,5,5,9,0,2,0,0,7,2,2,0,18,7,2,3,17,8,57,237,33,261,24,270,211,80,145,147,47,132,115,5,8,13,9,20,34,0,16,18,6,12,11,16,414,14,6,0,0,3,0,0
Man Utd,0,West Ham,17,0,1,11,0,9,0,2,8,8,12,1,8,0,0,17,2,2,0,35,9,6,0,30,14,61,504,52,513,35,530,376,187,299,266,87,261,217,12,18,18,8,11,11,0,3,8,2,7,10,12,672,12,15,1,0,2,1,2
West Ham,1,Man Utd,17,0,2,5,1,2,0,5,4,4,6,0,3,0,0,6,0,3,0,13,9,2,0,18,7,67,270,33,304,39,298,231,105,172,163,78,161,98,8,12,27,12,25,34,0,18,16,9,11,13,23,487,8,17,0,0,1,1,0
Southampton,0,Aston Villa,17,1,5,12,0,6,0,2,6,6,14,0,9,0,0,10,5,8,0,45,5,10,0,26,20,56,561,94,523,60,557,404,211,312,305,73,308,236,7,3,25,6,10,9,0,1,8,3,12,4,11,717,9,20,0,0,1,2,0
Aston Villa,1,Southampton,17,1,2,4,0,3,0,4,4,4,5,1,3,0,0,5,2,2,0,10,6,4,1,23,7,74,295,19,350,35,334,247,122,196,171,41,222,106,6,7,12,7,22,34,0,15,19,7,13,9,14,508,19,15,0,0,3,5,1
Chelsea,0,Bournemouth,17,0,6,9,0,4,0,3,6,6,16,0,3,0,0,9,6,3,1,44,12,11,4,24,17,68,528,70,526,31,565,405,189,317,277,94,239,263,19,11,21,16,17,20,0,6,14,6,12,10,11,729,10,9,1,0,4,1,1
Bournemouth,1,Chelsea,17,1,5,4,0,6,0,8,5,5,11,1,3,0,0,9,5,1,0,10,11,4,1,22,8,61,299,30,330,30,330,242,116,186,171,62,196,102,16,12,19,19,20,36,0,13,23,4,20,13,11,521,12,16,0,0,7,2,1
Newcastle,0,Liverpool,17,1,1,4,0,1,0,0,2,2,4,0,2,0,0,5,0,1,0,7,11,2,1,22,5,81,340,44,377,64,357,293,124,182,229,69,210,142,9,17,26,10,18,22,0,11,11,2,15,6,21,555,11,15,0,0,1,1,0
Liverpool,1,Newcastle,17,0,1,7,0,2,1,3,5,5,6,0,4,0,1,7,1,2,0,25,7,7,3,33,9,77,559,50,586,80,556,423,212,310,324,89,336,211,10,10,26,9,12,11,0,5,6,1,10,10,34,741,17,17,0,0,0,0,0
Everton,0,Crystal Palace,18,1,4,8,2,7,0,1,11,11,17,0,2,0,0,9,9,1,0,39,13,13,1,18,13,50,545,59,536,20,575,387,202,296,295,71,253,271,14,12,24,13,12,24,0,14,10,1,10,4,5,737,16,11,0,0,4,1,0
Crystal Palace,1,Everton,18,1,5,8,0,1,0,7,5,5,8,0,6,0,0,5,5,4,0,21,3,6,0,18,11,73,298,62,309,32,339,247,124,184,185,61,166,144,13,15,25,14,25,40,0,18,22,7,17,11,14,548,10,18,0,0,3,0,0
Norwich,0,Everton,18,1,2,5,0,2,0,2,4,4,6,0,3,0,0,6,2,1,0,19,7,5,0,17,7,72,368,40,400,38,402,270,168,215,221,55,203,182,0,5,18,9,8,35,0,20,15,2,11,9,8,535,8,14,0,0,2,0,0
Everton,1,Norwich,18,1,3,10,1,2,0,9,4,4,12,1,2,0,0,8,5,2,0,17,9,4,2,26,9,73,551,46,578,37,587,394,229,294,329,113,330,181,9,12,11,0,7,23,0,9,14,3,12,6,14,726,9,17,0,0,0,1,0
Man City,0,Swansea,18,2,5,4,0,4,0,0,5,5,8,0,5,0,0,6,3,3,1,14,19,5,1,15,10,43,545,41,547,19,569,358,229,289,297,68,326,194,8,8,15,7,19,24,0,9,15,3,7,13,5,701,10,8,0,0,6,1,1
Swansea,1,Man City,18,1,7,3,0,3,0,10,3,3,8,0,5,0,0,9,0,4,0,14,12,5,4,22,10,52,479,35,496,13,518,323,208,262,267,114,302,115,7,2,16,8,9,16,0,11,5,3,15,15,13,625,14,14,0,0,3,0,0
Sunderland,0,Watford,18,0,2,11,0,1,0,0,6,6,13,0,1,0,0,7,6,1,0,36,10,8,1,21,10,70,405,67,408,50,425,322,152,242,232,71,211,193,11,11,8,11,17,28,0,14,14,4,12,6,12,588,12,9,2,0,6,1,0
Watford,1,Sunderland,18,1,8,2,1,3,0,6,4,4,11,2,0,0,0,10,3,0,0,11,9,3,0,20,11,97,404,32,469,53,448,328,170,247,250,56,294,151,11,8,19,11,18,28,0,13,15,1,12,9,26,635,5,23,0,0,3,0,3
Crystal Palace,0,Southampton,18,1,5,3,0,4,0,1,3,3,9,0,3,0,0,8,3,1,0,26,9,8,0,29,9,88,267,40,315,34,321,238,116,165,189,56,147,152,14,6,17,7,10,40,0,27,13,4,9,11,18,480,9,13,0,0,3,2,0
Southampton,1,Crystal Palace,18,0,3,8,0,4,0,8,6,6,10,0,5,0,0,9,4,2,0,20,13,5,1,24,12,72,370,46,396,49,393,304,138,222,219,67,188,187,7,12,14,14,7,47,0,17,30,4,9,13,18,573,10,18,0,0,4,0,0
West Ham,0,Stoke,18,0,10,6,1,8,0,1,11,11,18,0,6,0,0,12,4,8,0,34,5,11,0,24,18,57,341,54,344,50,348,270,126,197,201,52,175,171,9,14,15,6,16,35,0,20,15,5,9,7,23,538,13,7,0,0,3,1,0
Stoke,1,West Ham,18,0,3,4,0,5,0,8,3,3,8,0,4,0,0,4,7,1,0,20,7,7,1,22,9,62,387,49,400,37,412,295,152,233,213,92,217,140,6,9,21,9,13,23,0,14,9,9,10,9,22,586,8,16,0,0,9,5,1
Bournemouth,0,Man Utd,18,2,5,6,0,0,0,0,5,5,6,0,5,0,0,5,5,1,0,16,11,4,1,17,8,50,354,40,364,36,368,266,136,198,203,74,208,122,14,19,27,18,14,39,0,21,18,3,10,12,23,559,8,10,2,0,4,2,1
Man Utd,1,Bournemouth,18,1,5,3,0,3,0,8,2,2,6,0,5,0,0,7,3,1,0,26,12,7,1,28,2,78,453,61,470,25,506,311,218,272,256,78,290,163,18,15,23,14,10,17,0,4,13,0,8,12,9,644,13,11,0,1,3,0,0
Aston Villa,0,Arsenal,18,0,2,12,0,4,0,1,11,11,16,0,2,0,0,9,5,4,0,23,11,5,0,15,13,66,402,57,411,33,435,291,174,237,224,80,232,156,9,7,16,7,15,17,0,5,12,1,11,8,13,582,11,17,0,1,2,1,0
Arsenal,1,Aston Villa,18,2,4,3,0,1,0,7,1,1,5,1,1,1,0,5,1,2,0,13,9,5,2,18,6,57,499,41,515,47,509,343,210,271,280,84,318,154,7,3,18,9,9,20,0,12,8,4,7,7,14,667,14,17,3,0,2,1,1
Liverpool,0,West Brom,18,2,8,11,0,9,0,1,16,16,26,0,2,0,0,21,4,3,0,29,10,4,2,21,23,66,629,76,619,56,639,460,232,332,361,93,286,316,13,5,17,5,11,8,0,3,5,0,7,7,13,793,5,11,1,1,0,0,1
West Brom,1,Liverpool,18,2,2,2,0,0,0,1,1,1,2,0,2,0,0,1,2,1,0,13,6,4,1,16,3,77,222,22,277,51,248,223,75,151,147,47,138,114,5,4,9,13,23,41,0,21,20,9,13,10,20,437,15,15,1,0,6,0,1
Tottenham,0,Newcastle,18,1,8,7,0,5,0,1,13,13,15,0,5,0,0,12,5,3,0,14,16,6,3,40,16,75,462,52,485,47,490,361,171,256,278,85,249,203,4,9,18,3,13,28,0,19,9,1,19,13,15,646,17,17,0,1,2,2,0
Newcastle,1,Tottenham,18,2,4,2,0,2,0,6,0,0,6,0,2,0,0,3,2,3,0,17,14,2,1,30,8,89,296,47,338,53,332,280,104,177,203,53,199,133,3,15,25,4,19,25,0,15,10,5,10,14,14,515,6,18,0,0,7,1,0
Leicester,0,Chelsea,19,2,5,3,0,1,0,0,4,4,8,0,1,0,0,4,4,1,0,15,8,1,0,26,7,62,256,47,271,54,264,234,83,156,159,30,137,151,15,9,26,11,19,33,0,13,20,5,19,16,20,448,8,6,0,0,2,0,1
Chelsea,1,Leicester,19,1,4,3,1,4,0,5,3,3,6,0,5,0,0,5,2,4,0,32,13,8,2,41,7,80,518,73,525,48,550,395,201,288,304,66,326,206,11,10,14,15,18,32,0,16,16,1,11,8,23,716,18,13,0,0,3,3,2
West Brom,0,Bournemouth,19,1,2,2,0,3,0,1,2,2,4,0,3,0,0,3,1,3,0,20,11,4,0,25,6,66,237,28,275,28,275,199,103,152,149,53,106,144,5,5,10,14,18,18,0,11,7,4,8,12,13,384,9,12,0,0,4,2,0
Bournemouth,1,West Brom,19,2,6,5,1,5,0,7,9,9,13,0,2,1,0,6,9,1,0,20,9,8,0,25,14,63,538,44,557,21,580,344,253,296,302,95,270,236,14,6,12,5,11,33,0,15,18,3,10,9,11,703,5,8,0,0,1,0,1
Southampton,0,Tottenham,19,0,4,2,0,5,0,0,3,3,10,0,1,0,0,6,4,1,0,27,10,4,0,29,10,82,368,65,385,51,399,316,134,245,204,65,206,179,5,7,24,12,27,14,0,7,7,3,9,18,20,573,15,20,1,0,3,1,0
Tottenham,1,Southampton,19,2,5,4,0,3,0,7,4,4,9,0,3,0,0,8,3,1,0,16,19,7,1,30,9,65,370,51,384,39,396,304,128,223,209,76,224,135,12,12,20,5,14,23,0,13,10,5,15,9,18,563,15,12,0,0,4,2,2
Stoke,0,Crystal Palace,19,1,5,10,1,11,0,3,15,15,15,0,10,1,0,12,11,3,0,32,7,7,1,27,19,57,473,62,468,48,482,356,171,258,270,77,265,188,9,6,17,10,12,17,0,12,5,2,5,6,22,636,10,19,0,0,1,0,0
Crystal Palace,1,Stoke,19,2,3,7,0,2,0,6,4,4,6,1,4,1,0,8,3,1,0,14,5,3,0,26,7,86,299,26,359,35,350,258,127,181,203,62,223,100,10,7,16,9,12,26,0,10,16,11,7,12,12,506,12,16,1,0,4,1,1
Chelsea,0,Sunderland,19,3,7,6,0,4,0,2,6,6,12,0,4,1,0,12,2,3,0,17,11,2,3,26,11,69,555,35,589,28,596,379,240,294,327,113,302,209,16,13,17,11,15,20,0,11,9,2,3,12,12,735,16,8,0,0,2,1,0
Sunderland,1,Chelsea,19,1,3,6,0,2,0,6,4,4,7,0,4,0,0,3,7,1,0,6,9,2,1,22,7,55,259,31,283,26,288,224,90,163,150,55,160,99,11,6,27,16,18,32,0,13,19,4,9,12,18,443,12,5,1,0,4,0,0
Everton,0,Leicester,19,2,5,5,0,3,0,1,3,3,9,0,4,0,0,5,7,1,0,32,14,10,2,27,9,98,506,71,533,54,550,403,200,305,297,148,259,197,20,13,13,8,8,21,0,10,11,0,6,6,24,716,19,12,1,0,2,0,0
Leicester,1,Everton,19,3,5,5,0,0,0,7,3,3,4,1,3,2,0,4,5,1,0,7,5,2,9,24,5,64,239,30,273,51,252,232,70,139,161,47,147,109,8,8,30,20,35,33,0,14,19,4,14,14,19,476,8,21,0,0,2,2,2
Man Utd,0,Norwich,19,1,2,6,0,3,0,0,5,5,8,0,3,0,0,5,4,2,0,52,9,11,2,33,7,73,620,96,597,52,641,430,263,351,341,69,309,315,9,4,17,10,17,6,0,3,3,0,10,4,13,768,12,12,0,0,2,1,0
Norwich,1,Man Utd,19,2,4,2,0,0,0,2,4,4,6,0,0,0,0,5,1,0,0,8,4,0,1,19,5,65,247,16,296,27,285,211,100,148,163,53,175,84,10,3,15,9,15,68,0,42,26,3,19,10,15,469,15,15,0,0,1,2,1
Newcastle,0,Aston Villa,19,1,4,4,0,0,0,1,0,0,5,0,3,0,0,3,1,4,0,25,12,3,0,29,8,81,348,59,370,52,377,307,120,198,223,48,186,195,8,14,26,9,12,32,0,23,9,0,8,9,19,555,10,17,0,0,6,3,1
Aston Villa,1,Newcastle,19,1,7,3,0,0,0,5,5,5,6,0,4,0,0,6,2,2,0,33,6,7,0,28,8,78,397,56,419,59,416,313,156,219,252,77,247,151,9,15,22,8,30,17,0,8,9,0,18,14,21,611,13,26,0,0,3,3,2
Watford,0,Liverpool,19,3,5,0,0,1,0,1,1,1,5,0,1,0,0,4,1,1,0,17,18,7,2,30,4,86,230,40,276,49,267,242,73,158,156,28,125,163,6,8,28,8,18,23,0,9,14,4,13,6,14,428,13,14,1,0,4,4,0
Liverpool,1,Watford,19,0,4,4,0,4,0,7,5,5,11,0,1,0,0,8,2,2,0,24,7,9,0,27,7,81,474,75,480,79,476,368,185,283,266,87,302,166,8,8,19,6,10,30,0,10,20,1,11,9,14,687,22,16,0,1,2,1,1
Swansea,0,West Ham,19,0,2,9,0,11,0,0,11,11,12,0,10,0,0,17,2,3,0,26,10,8,3,36,14,43,700,66,677,47,696,447,289,371,369,98,442,203,9,6,18,4,14,21,0,11,10,3,5,6,16,847,8,15,3,0,2,0,1
West Ham,1,Swansea,19,0,2,6,0,3,0,6,5,5,7,0,4,0,0,7,2,2,0,21,9,9,0,16,8,57,224,38,243,33,248,186,93,134,144,32,139,110,4,14,13,9,26,41,0,22,19,11,15,9,13,433,6,9,1,0,2,0,1
Arsenal,0,Man City,20,2,5,3,0,0,0,0,2,2,8,0,0,0,0,4,4,0,0,17,17,4,6,18,8,52,371,54,369,34,389,284,135,210,208,43,234,146,12,11,20,9,24,29,0,10,19,6,20,5,14,569,10,15,0,0,5,1,1
Man City,1,Arsenal,20,1,6,8,0,6,0,11,9,9,13,0,7,0,0,7,8,5,0,29,6,8,2,18,18,48,652,42,658,33,667,458,242,354,342,74,397,229,9,12,19,12,18,27,0,13,14,0,9,16,10,830,12,10,0,0,3,0,1
Stoke,0,Man Utd,20,2,3,8,0,2,0,0,10,10,6,0,7,0,0,11,2,0,0,6,12,1,3,21,7,60,305,46,319,43,322,254,111,183,182,78,194,93,12,10,24,7,23,27,0,19,8,2,11,13,19,510,9,12,1,0,6,3,0
Man Utd,1,Stoke,20,0,6,3,0,2,0,6,5,5,8,0,3,0,0,9,1,1,0,26,14,12,0,27,6,65,446,51,460,49,462,332,176,254,254,61,275,175,7,12,16,12,11,10,0,3,7,1,10,16,12,598,15,13,0,1,1,0,0
Swansea,0,West Brom,20,1,2,3,1,2,0,1,2,2,6,0,1,0,0,4,3,0,0,5,15,0,3,19,6,60,485,41,504,40,505,374,169,280,264,84,325,136,8,4,15,5,16,28,0,14,14,3,17,10,7,677,13,13,1,0,3,2,1
West Brom,1,Swansea,20,0,3,3,0,3,0,7,2,2,7,0,2,0,0,5,2,2,0,32,9,7,0,36,7,92,365,71,386,59,398,295,159,231,224,68,203,186,5,6,14,8,24,10,0,2,8,2,14,13,11,536,10,16,0,1,1,0,1
Tottenham,0,Norwich,20,3,10,3,0,2,0,3,3,3,10,0,4,1,0,8,3,4,0,18,20,9,6,25,12,62,517,55,524,51,528,349,225,278,301,98,336,145,9,8,18,4,21,19,0,5,14,1,14,4,18,702,14,14,1,0,3,0,1
Norwich,1,Tottenham,20,0,3,7,0,1,0,6,4,4,8,0,3,0,0,4,3,4,0,16,7,4,0,36,10,60,349,29,380,43,366,273,132,194,214,74,189,146,4,12,18,9,18,31,0,10,21,2,11,13,12,522,10,9,0,0,7,2,1
Aston Villa,0,West Ham,20,1,8,5,0,2,0,1,6,6,8,0,6,1,0,9,1,5,0,43,10,9,0,28,11,57,449,57,449,48,458,324,180,248,252,54,239,213,9,13,18,9,15,29,0,13,16,2,9,14,25,621,9,16,0,0,3,1,2
West Ham,1,Aston Villa,20,1,4,4,1,2,0,5,4,4,7,0,3,0,0,6,1,3,0,16,12,6,0,23,6,59,295,45,309,32,322,244,110,182,171,61,178,115,9,9,21,9,9,48,0,27,21,3,11,13,22,495,10,14,0,0,6,1,0
Bournemouth,0,Crystal Palace,20,0,4,4,0,2,0,0,5,5,8,0,2,0,0,6,3,1,0,20,11,8,3,24,8,53,462,43,472,32,483,339,174,265,246,88,274,153,14,14,26,10,20,37,0,21,16,4,10,10,18,655,7,10,0,0,0,1,0
Crystal Palace,1,Bournemouth,20,0,1,4,0,3,0,6,2,2,4,0,4,0,0,3,2,3,0,27,11,9,0,22,6,92,328,54,366,40,380,266,151,204,211,72,177,171,10,13,18,14,24,28,0,15,13,2,13,13,18,557,18,8,1,0,4,1,0
Chelsea,0,Watford,20,2,2,8,0,7,1,2,7,7,11,0,5,1,1,10,5,2,0,27,12,9,5,26,11,66,533,45,554,39,560,384,213,298,295,112,248,239,6,14,21,7,5,12,0,4,8,5,6,7,17,691,18,3,0,0,1,1,1
Watford,1,Chelsea,20,1,2,5,0,5,0,7,5,5,8,0,3,1,0,10,1,1,0,14,7,4,0,16,6,63,298,25,336,33,328,236,125,198,160,56,207,98,7,11,29,6,15,22,0,9,13,6,14,15,13,498,13,11,0,0,0,0,1
Liverpool,0,Leicester,20,1,5,12,0,9,0,0,13,13,18,1,7,0,0,15,7,4,0,26,6,7,2,35,24,109,472,75,506,59,522,390,189,289,291,87,270,224,9,12,18,7,14,50,0,33,17,1,10,11,29,724,14,10,1,0,3,5,0
Leicester,1,Liverpool,20,0,3,3,0,1,0,5,2,2,5,0,2,0,0,1,4,2,0,17,14,6,0,34,6,76,254,35,295,59,271,254,75,172,158,50,108,172,7,10,21,9,19,47,0,24,23,10,11,8,22,474,11,21,1,0,3,1,1
Man City,0,Sunderland,20,4,9,6,0,4,0,0,7,7,12,0,6,1,0,8,5,3,3,16,10,5,4,22,14,47,612,35,624,19,640,413,243,336,320,95,346,218,16,9,15,7,11,20,0,8,12,0,5,10,12,774,14,9,0,0,2,3,1
Sunderland,1,Man City,20,1,3,8,0,0,0,8,2,2,5,0,6,0,0,2,4,5,0,14,10,1,3,9,8,64,268,28,304,28,304,233,99,156,174,66,151,115,7,6,20,16,15,24,0,7,17,3,15,11,15,454,12,12,0,0,5,1,0
Newcastle,0,Everton,20,0,1,6,0,3,0,2,3,3,9,0,1,0,0,3,2,5,0,19,13,3,3,15,7,53,348,41,360,29,372,276,122,190,207,57,202,142,8,7,23,22,11,28,0,11,17,8,8,16,12,526,13,7,1,1,6,0,2
Everton,1,Newcastle,20,1,7,5,0,8,0,9,9,9,15,0,5,0,0,9,8,3,0,32,11,7,0,11,13,46,523,54,515,24,545,357,208,272,295,68,285,216,22,12,18,8,15,16,0,9,7,3,17,12,17,716,15,10,0,0,1,4,0
Southampton,0,Arsenal,20,4,5,5,1,4,0,1,5,5,12,1,1,0,0,9,4,1,0,11,8,3,2,21,9,62,284,57,289,25,321,225,120,170,176,54,175,117,9,6,22,9,15,22,0,4,18,0,6,10,7,462,6,12,0,0,5,2,1
Arsenal,1,Southampton,20,0,5,3,0,0,0,6,1,1,6,0,2,0,0,2,2,4,0,22,14,4,2,25,7,50,574,46,578,42,582,394,229,307,307,95,337,192,9,2,11,9,16,20,0,12,8,4,7,9,18,724,20,17,1,0,1,0,1
West Brom,0,Newcastle,21,1,5,5,1,12,0,4,5,5,14,0,8,0,0,13,6,3,0,43,12,18,3,25,16,50,361,66,345,47,364,247,155,215,195,41,146,224,10,9,20,5,16,16,0,10,6,2,13,7,18,534,7,17,0,0,2,2,0
Newcastle,1,West Brom,21,0,2,3,1,2,0,6,0,0,5,0,2,0,0,5,1,1,0,24,9,6,0,15,6,54,322,41,335,34,342,245,130,183,191,63,195,118,5,8,15,10,17,47,0,23,24,11,14,13,10,520,13,12,0,0,3,2,3
Watford,0,Tottenham,21,1,1,4,0,4,0,1,4,4,5,0,4,0,0,7,2,0,0,15,14,5,0,25,6,95,261,44,312,49,307,252,104,177,174,50,160,146,5,12,15,10,40,22,0,6,16,0,18,11,21,475,7,13,0,1,1,0,3
Tottenham,1,Watford,21,2,3,7,0,0,0,3,5,5,9,0,1,0,0,5,4,1,0,22,13,3,1,35,7,87,500,78,509,49,538,376,211,289,297,91,314,182,10,11,12,5,25,30,0,13,17,4,7,13,16,689,6,13,0,0,0,1,4
Norwich,0,Aston Villa,21,2,4,4,0,1,0,0,5,5,5,0,4,0,0,5,2,2,0,16,16,3,1,10,5,67,324,45,346,43,348,264,123,192,195,60,200,131,9,8,20,14,15,23,0,11,12,1,4,10,26,516,13,13,0,0,3,2,0
Aston Villa,1,Norwich,21,0,3,2,0,1,0,2,4,4,4,0,2,0,0,2,3,1,0,25,6,7,0,25,5,74,361,54,381,43,392,286,148,214,218,49,240,146,14,12,20,9,13,30,0,18,12,1,12,21,25,554,9,24,1,1,2,0,0
Crystal Palace,0,Swansea,21,0,2,6,0,2,0,0,4,4,5,0,5,0,0,7,0,3,0,39,10,7,0,32,7,67,414,63,418,46,435,317,163,236,243,66,223,192,8,8,12,3,20,14,0,6,8,2,9,11,18,560,7,11,0,0,3,0,0
Swansea,1,Crystal Palace,21,0,3,0,0,2,0,1,4,4,3,0,2,0,0,1,4,0,0,12,11,4,1,24,2,70,343,39,374,35,378,277,135,213,198,77,214,122,3,4,11,8,17,39,0,13,26,2,15,16,14,516,8,12,0,0,2,3,3
Everton,0,Stoke,21,3,3,6,0,6,0,1,5,5,14,0,1,0,0,8,6,1,0,23,15,6,3,20,13,53,477,44,486,24,506,337,192,253,275,88,242,200,20,11,19,12,16,17,0,8,9,2,7,10,5,653,12,10,0,0,1,1,1
Stoke,1,Everton,21,4,5,1,0,2,0,6,2,2,5,0,2,1,0,6,2,0,0,9,10,2,4,15,5,47,452,40,459,24,475,322,177,238,255,110,291,98,12,12,21,20,15,31,0,10,21,6,5,12,8,637,8,16,1,0,0,0,2
Arsenal,0,Bournemouth,21,2,6,5,0,2,0,4,1,1,6,2,5,0,0,4,4,5,0,28,8,9,7,14,12,54,522,55,521,28,548,345,224,281,293,129,262,185,11,8,19,11,20,10,0,5,5,4,13,7,12,706,12,19,0,0,3,1,0
Bournemouth,1,Arsenal,21,0,3,3,0,4,0,4,6,6,9,0,1,0,0,6,4,0,0,10,8,3,2,18,8,57,493,35,515,23,527,352,198,280,267,119,274,157,11,12,19,11,13,27,0,16,11,2,10,8,8,665,9,14,0,0,4,1,1
Man Utd,0,Chelsea,21,0,2,5,2,5,0,2,8,8,11,0,1,0,0,8,4,0,0,29,5,5,0,18,10,58,610,55,613,37,631,395,269,342,321,120,337,211,5,20,21,10,15,10,0,5,5,0,8,16,6,777,13,14,0,0,3,0,1
Chelsea,1,Man Utd,21,0,3,5,0,0,0,6,2,2,5,1,2,0,0,3,4,1,0,10,15,3,1,19,7,61,281,29,313,23,319,239,101,182,158,63,197,82,10,7,26,5,14,29,0,16,13,5,11,6,10,469,16,11,0,0,2,1,0
West Ham,0,Southampton,21,2,5,7,1,1,1,1,4,4,9,1,3,0,1,8,0,5,0,18,13,4,0,24,9,78,376,48,406,47,407,304,147,226,227,70,266,118,6,17,23,10,18,41,0,27,14,3,12,6,21,603,9,16,0,0,3,2,2
Southampton,1,West Ham,21,0,3,8,0,3,0,5,7,7,10,0,4,0,0,8,5,1,0,35,3,7,0,33,9,65,414,67,412,65,414,330,149,244,234,42,195,242,10,11,21,6,20,27,0,14,13,2,13,12,19,597,14,8,1,1,2,0,0
Leicester,0,Man City,21,0,4,7,0,0,0,1,6,6,9,0,2,0,0,6,3,2,0,17,6,1,3,28,9,57,320,49,328,55,322,281,94,194,181,37,205,135,9,10,14,8,20,36,0,21,15,7,22,11,11,518,8,15,0,0,5,0,0
Man City,1,Leicester,21,0,5,9,0,7,0,13,7,7,12,0,9,0,0,10,8,3,0,39,10,13,2,27,15,61,506,59,508,61,506,379,183,296,264,74,278,215,8,3,18,9,22,35,0,26,9,0,22,8,24,692,11,13,1,0,4,0,1
Sunderland,0,Liverpool,21,0,3,3,0,2,0,0,5,5,5,0,3,0,0,4,4,0,0,19,13,6,0,37,6,72,314,40,346,44,342,278,108,197,185,51,203,132,9,9,13,8,15,46,0,23,23,4,8,8,24,505,12,16,0,0,5,1,0
Liverpool,1,Sunderland,21,1,6,7,0,4,0,10,7,7,12,0,5,0,0,11,5,1,0,11,8,4,2,32,14,75,434,46,463,61,448,340,169,262,243,78,239,192,8,3,16,9,12,29,0,16,13,2,16,16,22,621,10,19,1,0,3,2,1
West Ham,0,Liverpool,21,2,10,5,1,3,0,3,4,4,14,0,4,0,0,5,7,6,0,12,11,3,1,21,13,70,250,33,287,42,278,232,88,158,160,42,166,112,3,13,22,10,27,54,0,34,20,12,14,11,26,497,6,21,0,0,1,2,1
Liverpool,1,West Ham,21,0,2,9,1,12,0,7,14,14,15,0,8,0,0,13,6,4,0,33,9,9,2,29,20,60,510,73,497,51,519,405,163,296,272,76,222,272,10,13,18,3,13,19,0,10,9,3,8,8,13,702,12,20,1,0,8,0,0
West Brom,0,Stoke,21,2,5,6,0,6,0,2,6,6,11,0,6,0,0,12,3,2,0,22,11,4,0,24,12,72,337,56,353,44,365,278,130,197,210,54,173,182,7,9,16,7,9,16,0,5,11,5,5,7,11,503,6,9,0,0,2,2,1
Stoke,1,West Brom,21,1,3,2,0,5,0,4,4,4,5,0,5,0,0,3,4,3,0,20,8,6,1,22,10,55,424,39,440,44,435,319,158,248,229,82,259,138,7,7,13,7,11,21,0,11,10,6,8,15,18,581,9,15,0,0,3,0,0
Arsenal,0,Newcastle,21,1,3,10,0,2,0,2,3,3,11,0,4,0,0,6,5,4,0,25,8,7,5,22,15,46,476,43,479,41,481,338,183,259,254,88,253,181,13,10,19,17,18,13,0,8,5,4,6,10,14,652,14,14,1,0,6,2,0
Newcastle,1,Arsenal,21,0,6,5,0,4,0,10,4,4,12,1,2,0,0,7,4,4,0,24,12,4,0,15,11,72,423,38,457,19,476,313,180,241,251,74,287,134,17,11,20,13,24,16,0,9,7,2,16,9,12,616,9,6,0,0,2,3,0
Leicester,0,Bournemouth,21,0,2,12,1,2,0,1,7,7,10,0,5,1,0,6,8,2,0,30,6,7,5,30,11,84,456,80,460,53,487,364,175,290,247,51,253,236,9,10,18,14,13,8,0,3,5,5,15,9,18,643,14,21,0,0,0,1,0
Bournemouth,1,Leicester,21,0,0,4,0,5,0,4,4,4,8,0,1,0,0,6,2,1,0,13,7,1,1,22,7,89,377,39,427,33,433,299,164,245,218,107,267,92,14,10,24,9,17,45,0,28,17,2,12,5,22,609,10,12,0,0,2,4,0
Man Utd,0,Swansea,21,2,6,5,0,8,0,1,3,3,15,0,4,0,0,9,7,3,0,21,8,4,0,24,14,67,496,37,526,36,527,347,214,291,265,85,251,227,15,11,19,6,16,7,0,6,1,2,12,14,13,666,8,10,0,0,3,1,0
Swansea,1,Man Utd,21,1,4,3,1,2,0,8,1,1,8,0,1,0,0,4,2,3,0,10,13,2,2,20,7,64,402,39,427,26,440,313,151,242,220,137,208,121,6,5,16,15,16,26,0,13,13,8,9,10,8,591,15,14,0,0,4,1,1
Norwich,0,Southampton,21,1,1,7,0,2,0,1,4,4,9,0,1,0,0,3,6,1,0,13,6,4,0,21,6,75,320,31,364,44,351,277,116,201,192,47,200,148,8,10,9,2,11,47,0,34,13,1,10,9,25,520,12,12,0,0,4,0,2
Southampton,1,Norwich,21,0,4,5,0,1,0,7,2,2,8,0,2,0,0,4,3,3,0,27,8,9,0,20,9,82,462,71,473,50,494,356,185,255,289,67,274,203,2,3,19,8,15,23,0,8,15,2,7,7,23,636,6,13,1,0,0,1,2
Sunderland,0,Aston Villa,21,2,5,5,0,3,0,0,6,6,9,0,4,0,0,5,6,2,0,21,12,3,0,27,12,70,361,42,389,39,392,306,125,206,224,74,213,144,5,4,21,13,14,33,0,17,16,0,5,8,26,533,11,14,1,0,2,0,2
Aston Villa,1,Sunderland,21,1,3,5,0,0,1,5,3,3,8,0,0,0,1,1,5,2,0,21,8,3,0,25,7,85,435,52,468,56,464,335,174,256,261,73,281,166,13,9,14,5,14,22,0,5,17,3,13,13,15,631,14,9,0,0,3,1,0
Watford,0,Man City,21,1,4,6,0,2,0,0,6,6,8,0,4,0,0,9,2,1,0,17,8,3,0,37,6,84,382,60,406,49,417,323,143,235,230,43,248,175,17,15,18,10,26,19,0,9,10,3,13,6,18,595,16,22,0,0,3,0,1
Man City,1,Watford,21,2,5,7,0,4,0,7,8,8,13,0,3,0,0,8,6,2,0,18,6,5,3,30,15,66,420,36,450,36,450,319,166,241,241,60,248,178,10,8,28,17,18,40,0,22,18,1,12,10,13,642,14,18,1,0,3,0,2
Crystal Palace,0,Chelsea,21,0,4,2,0,2,0,1,4,4,6,0,2,0,0,2,4,2,0,28,12,5,0,25,7,62,367,50,379,55,374,292,135,238,189,82,191,156,8,18,17,10,23,19,0,6,13,4,6,12,13,529,9,8,0,0,1,1,0
Chelsea,1,Crystal Palace,21,3,4,2,0,4,0,5,3,3,9,0,1,0,0,4,5,1,0,12,11,7,2,21,9,70,563,42,591,37,596,393,234,337,292,104,333,196,10,10,23,8,14,21,0,9,12,2,10,15,13,757,10,15,0,0,4,1,0
Everton,0,Tottenham,21,1,3,4,0,5,0,0,4,4,8,2,2,0,0,7,3,2,0,15,12,4,2,16,7,86,358,44,400,22,422,285,156,210,232,90,216,138,16,6,21,6,23,33,0,17,16,11,14,8,14,604,13,13,0,0,3,0,2
Tottenham,1,Everton,21,1,4,4,2,11,0,4,15,15,16,0,3,0,0,10,8,1,0,15,10,4,3,23,18,68,577,50,595,29,616,395,247,318,326,86,333,226,6,5,18,16,19,25,0,9,16,5,9,11,7,776,17,13,0,0,2,0,0
Newcastle,0,Man Utd,23,3,6,4,0,4,0,0,4,4,12,0,1,1,0,9,5,0,0,20,11,5,0,22,11,50,508,67,491,32,526,333,222,288,266,108,285,165,7,9,27,10,23,14,0,6,8,2,18,10,8,678,14,17,0,1,1,1,0
Man Utd,1,Newcastle,23,3,4,5,0,3,0,7,4,4,6,2,3,1,0,6,3,3,0,16,10,3,2,23,10,59,417,29,447,28,448,310,166,249,223,55,250,171,10,15,22,7,13,27,0,12,15,3,11,12,8,616,15,19,0,0,3,2,1
Aston Villa,0,Crystal Palace,23,0,3,3,0,7,0,0,7,7,9,0,4,0,0,8,4,1,0,25,14,9,0,26,8,68,419,39,448,38,449,309,176,242,238,62,249,176,10,2,25,7,19,26,0,17,9,1,14,15,20,600,8,20,0,0,1,1,0
Crystal Palace,1,Aston Villa,23,0,1,7,1,1,1,3,5,5,6,0,3,0,1,5,2,2,0,7,13,0,1,35,5,83,389,36,436,45,427,314,156,222,248,103,239,130,7,7,10,10,27,18,0,9,9,7,10,9,21,586,20,19,2,1,3,2,0
Bournemouth,0,West Ham,23,1,4,3,0,4,0,1,9,9,10,0,1,0,0,7,3,1,0,10,9,4,1,31,11,60,400,37,423,29,431,287,168,218,235,74,239,147,18,18,18,18,22,25,0,13,12,1,22,8,10,595,7,18,2,0,3,0,0
West Ham,1,Bournemouth,23,3,5,4,0,1,0,2,7,7,6,0,4,0,0,9,1,0,0,17,6,7,5,35,6,63,424,39,448,45,442,322,165,250,227,70,255,162,18,7,21,18,14,20,0,6,14,4,13,5,21,601,11,17,0,1,3,0,1
Southampton,0,Watford,23,2,7,7,1,1,0,1,5,5,11,0,4,0,0,5,6,4,0,36,13,8,0,16,9,79,428,59,448,39,468,341,166,257,249,57,242,208,6,7,22,6,26,31,0,18,13,3,12,9,20,633,5,11,0,0,1,1,0
Watford,1,Southampton,23,0,1,0,0,3,0,1,3,3,4,0,0,0,0,3,1,0,0,15,11,1,0,20,3,78,427,44,461,47,458,332,170,257,245,100,295,110,6,11,10,6,26,29,0,5,24,2,14,11,15,621,14,7,2,0,4,1,8
Stoke,0,Norwich,23,2,4,7,0,3,0,1,7,7,11,0,3,0,0,9,5,0,0,30,9,7,1,16,13,71,603,54,620,36,638,419,253,338,336,118,387,169,8,5,21,14,18,13,0,6,7,0,8,5,12,775,7,8,1,0,1,1,2
Norwich,1,Stoke,23,1,2,3,0,0,1,2,3,3,4,0,1,0,1,4,1,0,0,12,7,3,0,25,4,46,343,29,360,29,360,264,125,180,204,49,203,137,14,11,10,8,12,29,0,18,11,3,8,8,14,501,12,9,1,0,2,1,1
Swansea,0,Sunderland,23,2,5,3,0,2,1,0,6,6,7,1,1,1,1,4,5,1,0,20,11,8,2,21,9,71,424,45,450,26,469,299,194,248,242,102,239,154,11,6,11,6,15,10,0,3,7,0,8,9,8,585,18,11,0,1,1,2,1
Sunderland,1,Swansea,23,3,4,3,1,0,0,4,0,0,7,0,0,0,0,6,1,0,0,17,10,6,4,13,6,61,403,44,420,25,439,283,180,225,238,78,239,147,6,5,22,11,9,33,0,15,18,2,11,12,7,572,6,9,0,0,3,1,1
Chelsea,0,West Brom,23,1,2,8,0,4,0,2,7,7,11,1,2,0,0,10,4,0,0,15,7,7,1,21,10,58,511,31,538,52,517,377,188,301,267,86,320,163,11,11,13,7,16,34,0,19,15,2,10,13,24,690,12,9,0,1,3,1,0
West Brom,1,Chelsea,23,2,5,6,0,2,1,5,6,6,11,0,2,0,1,5,4,4,0,31,12,7,0,17,10,67,299,45,321,53,313,261,103,177,186,44,139,183,7,4,21,11,28,18,0,8,10,4,12,8,16,485,12,12,0,0,1,1,0
Man City,0,Everton,23,0,5,7,0,10,0,0,7,7,16,0,6,0,0,17,3,2,0,49,8,12,3,17,19,38,576,62,552,23,591,383,228,314,297,26,247,341,18,11,16,16,8,15,0,9,6,2,8,5,9,722,7,5,0,0,2,0,1
Everton,1,Man City,23,0,2,3,0,2,0,6,1,1,6,0,1,0,0,3,3,1,0,13,7,5,1,7,6,58,437,39,456,10,485,312,182,234,259,86,286,123,16,9,14,18,11,35,0,13,22,10,24,6,6,646,8,11,1,0,5,0,1
Liverpool,0,Arsenal,23,3,6,6,1,10,0,0,10,10,17,0,5,0,0,12,8,2,0,28,11,9,2,32,15,71,528,82,517,47,552,407,188,311,287,97,272,230,11,14,21,6,20,20,0,4,16,5,9,9,17,717,9,10,1,0,1,1,1
Arsenal,1,Liverpool,23,3,5,5,0,4,0,9,3,3,11,0,3,0,0,6,7,1,0,6,11,3,5,10,11,61,335,29,367,51,345,280,115,196,195,73,179,144,6,7,20,11,17,40,0,15,25,10,16,7,14,570,14,16,0,1,3,4,0
Tottenham,0,Leicester,23,0,5,5,0,11,0,0,11,11,16,0,5,0,0,9,9,3,0,42,10,16,2,34,15,81,452,54,479,51,482,347,184,255,276,75,234,224,5,11,14,5,15,37,0,15,22,5,12,13,28,660,19,10,1,0,1,1,0
Leicester,1,Tottenham,23,1,2,3,0,5,0,7,3,3,5,0,5,0,0,6,3,1,0,15,12,8,0,18,7,70,258,34,294,49,279,229,98,170,156,47,136,145,5,11,28,5,16,51,0,28,23,11,14,10,18,500,5,14,1,0,5,1,1
Tottenham,0,Sunderland,23,4,11,9,0,6,0,2,12,12,15,1,9,1,0,10,11,5,0,26,14,11,1,24,18,48,626,60,614,39,635,422,248,344,328,96,328,250,9,8,18,6,11,19,0,11,8,1,6,8,17,775,12,9,0,0,1,0,1
Sunderland,1,Tottenham,23,1,2,2,0,1,0,1,3,3,3,1,1,0,0,3,2,0,0,7,8,3,1,22,5,82,266,36,312,39,309,237,107,179,167,60,177,111,6,4,19,9,10,33,0,18,15,6,14,13,9,467,14,12,0,1,7,3,0
Man City,0,Crystal Palace,23,4,4,6,0,7,0,1,8,8,10,1,6,0,0,3,13,1,0,13,10,5,0,15,13,54,465,25,494,26,493,326,191,263,252,35,315,169,12,4,22,12,26,34,0,17,17,1,7,10,16,669,20,12,1,0,3,0,0
Crystal Palace,1,Man City,23,0,3,5,0,1,0,5,4,4,5,0,4,0,0,2,4,3,0,25,6,6,0,27,8,56,422,41,437,42,436,306,171,224,254,74,258,146,12,12,24,12,22,10,0,7,3,7,10,11,16,575,13,7,0,1,0,1,0
Newcastle,0,West Ham,23,2,10,8,0,5,0,0,10,10,21,1,1,0,0,18,5,0,0,15,5,3,0,26,19,60,428,42,446,35,453,303,183,229,256,92,262,134,10,17,23,9,18,20,0,11,9,2,15,9,13,618,9,18,0,0,2,1,0
West Ham,1,Newcastle,23,1,3,5,0,2,0,4,4,4,8,0,2,0,0,5,3,2,0,18,10,3,0,25,8,69,416,59,426,35,450,318,160,250,232,83,256,146,9,14,24,10,14,17,0,8,9,5,12,4,12,607,10,21,0,0,8,1,1
Southampton,0,West Brom,23,3,5,2,0,2,0,0,3,3,6,1,1,1,0,5,3,1,0,18,12,1,3,21,7,64,441,63,442,41,464,332,173,274,231,77,258,170,9,8,14,5,16,34,0,19,15,3,11,10,17,609,9,8,0,0,0,1,1
West Brom,1,Southampton,23,0,0,7,0,3,0,3,7,7,7,0,3,0,0,3,4,3,0,26,10,3,1,22,5,69,337,53,353,53,353,281,122,204,202,61,194,151,5,3,16,9,15,21,0,10,11,3,9,11,24,496,11,11,0,0,1,1,0
Chelsea,0,Everton,23,3,7,3,0,4,1,2,6,6,12,0,2,0,1,12,1,1,0,31,6,6,0,12,10,51,563,59,555,34,580,397,215,324,288,82,303,229,13,12,26,14,21,15,0,7,8,2,8,12,15,747,10,16,1,0,2,0,0
Everton,1,Chelsea,23,2,4,3,1,2,0,5,3,3,8,0,1,0,0,5,4,0,0,12,15,4,3,15,8,76,434,34,476,23,487,340,169,261,248,116,273,121,14,15,18,13,15,34,0,18,16,4,13,5,15,654,12,11,0,1,4,3,0
Bournemouth,0,Norwich,23,3,7,6,0,2,0,1,7,7,11,0,3,1,0,6,6,3,0,16,13,5,2,28,11,70,331,39,362,35,366,267,132,214,182,60,212,129,13,8,19,8,20,26,0,20,6,4,15,8,18,534,14,17,2,0,3,3,1
Norwich,1,Bournemouth,23,0,3,3,0,4,0,6,4,4,8,0,2,0,0,6,3,1,0,25,6,3,1,26,5,68,406,43,431,36,438,312,160,239,226,51,224,199,8,8,21,13,10,21,0,10,11,3,11,13,15,578,13,12,1,0,3,2,0
Aston Villa,0,Leicester,23,1,5,5,0,4,0,1,5,5,11,0,3,0,0,9,4,1,0,30,15,3,0,30,8,85,481,58,508,78,488,389,174,298,264,70,302,194,9,15,18,6,17,17,0,9,8,1,12,13,44,673,8,17,0,0,4,0,1
Leicester,1,Aston Villa,23,1,5,5,0,2,0,6,5,5,7,0,4,1,0,7,4,1,0,11,10,4,2,23,9,81,354,56,379,68,367,306,127,219,214,64,231,140,6,11,20,9,20,33,0,13,20,4,12,15,15,566,9,13,1,0,4,1,1
Liverpool,0,Man Utd,23,0,4,10,0,5,0,1,12,12,17,0,2,0,0,14,3,2,0,21,18,5,2,21,16,60,474,68,466,65,469,383,149,277,255,94,235,205,12,8,36,13,14,11,0,4,7,1,13,6,16,661,21,7,0,0,0,1,0
Man Utd,1,Liverpool,23,1,1,5,1,1,0,4,3,3,4,0,3,0,0,3,3,1,0,13,8,4,0,27,5,92,384,57,419,38,438,312,163,245,228,92,238,146,13,14,26,12,23,33,0,17,16,4,11,18,18,635,23,10,0,0,4,0,0
Stoke,0,Arsenal,23,0,6,3,0,5,0,2,7,7,11,0,3,0,0,8,4,2,0,18,10,6,1,27,9,64,387,59,392,45,406,312,139,242,209,65,242,144,8,6,9,16,19,18,0,6,12,3,14,16,21,549,7,18,0,0,3,0,0
Arsenal,1,Stoke,23,0,3,1,0,4,0,4,4,4,6,0,2,0,0,4,3,1,0,16,22,6,3,19,7,55,482,40,497,37,500,367,166,267,266,77,292,168,16,5,11,8,21,34,0,17,17,6,7,10,14,675,6,21,1,0,5,1,2
Swansea,0,Watford,24,1,2,4,1,4,0,0,6,6,8,0,2,0,0,4,5,1,0,28,8,6,0,25,6,62,492,56,498,42,512,349,204,294,255,75,287,192,14,13,17,6,18,57,0,34,23,3,15,8,12,719,19,13,1,0,2,0,1
Watford,1,Swansea,24,0,2,8,0,3,0,3,10,10,8,0,5,0,0,10,2,1,0,23,8,3,0,31,8,88,346,52,382,55,379,298,135,222,207,53,223,158,5,9,32,14,21,30,0,14,16,4,17,11,24,563,11,15,0,0,1,0,1
Norwich,0,Liverpool,24,4,5,0,0,1,0,0,1,1,2,0,3,1,0,3,2,1,0,17,16,3,0,32,5,86,369,42,413,66,389,316,136,227,223,73,206,176,13,10,20,10,14,32,0,15,17,4,9,10,28,573,13,16,1,2,2,1,0
Liverpool,1,Norwich,24,5,7,2,0,4,0,8,5,5,12,0,1,0,0,9,4,0,0,12,11,3,3,27,9,65,423,46,442,61,427,338,145,233,252,91,231,166,10,6,22,13,13,31,0,13,18,1,16,14,31,611,16,12,0,0,1,1,1
Crystal Palace,0,Tottenham,24,0,3,3,1,5,0,1,4,4,5,0,6,0,0,5,4,2,0,24,10,3,1,25,6,84,258,34,308,49,293,248,93,169,173,45,151,146,7,6,22,15,27,24,0,12,12,7,13,11,15,474,11,14,0,0,8,0,0
Tottenham,1,Crystal Palace,24,3,11,6,0,7,1,7,16,16,18,1,5,0,1,15,6,3,0,23,8,10,1,29,21,61,529,48,542,42,548,376,212,293,295,83,285,222,15,5,17,7,7,44,0,22,22,5,12,12,19,735,18,12,1,0,3,2,1
Man Utd,0,Southampton,24,0,1,5,0,2,0,0,7,7,6,0,2,0,0,5,3,0,0,16,9,4,2,35,7,82,427,60,449,50,459,336,173,265,243,80,261,168,7,14,9,6,21,22,0,15,7,0,14,11,18,604,7,17,0,0,1,2,0
Southampton,1,Man Utd,24,1,2,5,0,0,0,4,2,2,2,0,5,0,0,2,1,4,0,21,8,4,1,29,6,85,326,66,345,56,355,273,137,200,210,67,175,169,6,4,18,7,40,28,0,12,16,2,19,8,33,530,5,14,0,0,1,1,0
Leicester,0,Stoke,24,3,5,7,0,3,0,1,4,4,11,0,4,0,0,10,4,1,0,24,8,8,2,33,9,67,355,59,363,57,365,304,118,212,207,48,205,169,16,11,19,7,14,19,0,10,9,1,14,10,22,541,11,14,0,0,2,4,0
Stoke,1,Leicester,24,0,2,0,0,1,0,1,2,2,2,0,1,0,0,2,0,1,0,25,9,4,1,27,1,81,418,52,447,56,443,350,148,255,242,75,278,146,7,8,20,16,8,25,0,10,15,3,10,13,27,604,11,19,0,0,2,4,1
West Brom,0,Aston Villa,24,0,0,3,0,1,0,1,2,2,3,0,1,0,0,3,0,1,0,27,11,2,0,23,4,69,263,36,296,62,270,231,99,177,155,45,141,146,6,8,17,9,23,34,0,16,18,4,8,7,20,458,16,15,0,0,4,2,0
Aston Villa,1,West Brom,24,0,4,7,0,4,0,6,9,9,14,0,1,0,0,9,3,3,0,28,5,6,0,22,12,74,423,51,446,43,454,323,170,254,230,57,226,214,9,9,21,6,15,33,0,17,16,1,9,13,22,625,10,17,0,0,0,4,2
Sunderland,0,Bournemouth,24,1,5,1,0,4,0,0,5,5,7,0,3,0,0,4,4,2,0,20,7,3,5,23,7,65,358,46,377,34,389,281,141,213,202,62,210,151,6,12,20,7,17,37,0,16,21,2,12,5,15,555,12,11,0,1,4,3,0
Bournemouth,1,Sunderland,24,1,5,7,0,3,0,8,7,7,13,0,2,0,0,8,5,2,0,20,5,4,2,28,13,50,514,36,528,22,542,353,206,304,255,73,321,170,7,15,23,6,25,35,0,22,13,4,14,9,13,721,8,19,0,0,4,1,0
Watford,0,Newcastle,24,2,5,7,0,1,0,2,3,3,11,0,2,0,0,7,4,2,0,16,12,2,1,26,10,88,427,47,468,55,460,337,178,250,260,74,272,169,12,13,31,9,32,17,0,8,9,1,9,10,28,652,10,16,0,0,1,3,2
Newcastle,1,Watford,24,1,2,8,0,1,0,10,1,1,7,0,4,0,0,3,2,6,0,28,11,7,1,19,10,82,402,72,412,65,419,345,137,252,230,94,233,157,9,15,18,12,17,17,0,7,10,1,11,12,17,601,18,10,1,0,3,1,1
West Ham,0,Man City,24,2,3,5,1,2,0,1,3,3,4,0,6,0,0,6,1,2,1,22,12,5,0,21,8,81,371,62,390,50,402,306,145,222,225,64,219,169,13,14,23,13,11,24,0,8,16,9,14,11,18,589,3,21,0,1,1,2,0
Man City,1,West Ham,24,2,3,4,1,9,0,10,6,6,13,0,2,1,0,8,7,1,0,15,10,2,0,23,12,54,461,34,481,33,482,356,155,256,257,74,247,194,13,9,16,13,18,36,0,26,10,2,12,15,26,659,17,18,0,0,1,0,1
Everton,0,Swansea,24,0,2,11,1,7,0,2,7,7,14,0,6,0,0,8,7,5,0,40,9,7,2,25,18,75,592,65,602,40,627,437,229,312,353,96,296,275,11,6,16,6,17,11,0,4,7,1,9,5,21,777,10,16,1,1,3,1,0
Swansea,1,Everton,24,2,5,1,0,1,1,4,3,3,5,0,1,1,1,3,4,0,0,9,5,1,0,13,5,67,380,36,411,31,416,289,157,220,226,74,262,111,6,8,15,11,25,37,0,17,20,7,23,12,8,589,10,13,1,0,2,3,3
Arsenal,0,Chelsea,24,0,1,7,0,1,0,0,2,2,7,0,2,0,0,5,4,0,0,22,16,6,6,22,9,35,482,41,476,26,491,348,167,257,257,90,230,197,19,11,17,10,17,14,0,8,6,4,7,14,9,643,14,13,1,0,4,1,0
Chelsea,1,Arsenal,24,1,6,3,0,3,0,9,2,2,9,0,3,0,0,9,1,2,0,15,14,7,2,19,7,63,524,50,537,15,572,358,227,275,302,79,319,189,10,8,23,19,13,25,0,11,14,1,16,13,10,708,10,8,0,0,1,1,1
Arsenal,0,Southampton,26,0,11,6,0,5,0,4,1,1,15,0,7,0,0,6,5,11,0,33,20,13,3,18,19,46,554,66,534,41,559,395,199,302,293,88,291,221,14,16,23,3,22,14,0,6,8,7,12,11,17,774,20,17,1,0,3,4,0
Southampton,1,Arsenal,26,0,3,4,0,7,0,6,8,8,13,0,1,0,0,6,7,0,1,16,7,3,0,27,7,62,255,40,277,35,282,235,82,167,150,36,125,156,3,9,32,14,33,31,0,13,18,6,17,19,8,480,16,12,0,0,10,5,0
Leicester,0,Liverpool,26,2,6,4,0,3,0,1,10,10,10,0,3,0,0,4,7,2,0,13,7,3,0,23,5,77,286,42,321,52,311,270,93,188,175,47,160,156,12,14,16,12,32,39,0,25,14,8,19,6,26,538,18,11,0,0,1,1,1
Liverpool,1,Leicester,26,0,1,5,0,8,0,5,9,9,13,0,1,0,0,10,3,1,0,32,8,12,2,31,12,80,553,82,551,71,562,421,207,331,301,92,315,226,12,8,30,12,11,29,0,16,13,3,12,7,35,765,8,23,0,0,4,0,1
Norwich,0,Tottenham,26,0,3,6,0,2,0,2,4,4,6,0,5,0,0,6,3,2,0,24,6,6,0,31,9,86,324,49,361,53,357,274,136,200,209,49,212,149,2,7,17,3,13,32,0,15,17,2,9,8,20,519,17,17,2,1,3,1,1
Tottenham,1,Norwich,26,3,6,9,3,2,0,10,5,5,9,0,7,1,0,7,8,2,0,17,11,8,0,23,12,80,391,52,419,45,426,295,172,247,224,110,229,132,3,6,24,2,15,28,0,19,9,3,18,9,13,591,14,13,0,0,2,2,1
Sunderland,0,Man City,26,0,3,5,1,3,0,1,5,5,5,0,6,0,0,6,3,2,0,26,13,8,1,26,6,68,396,64,400,45,419,305,159,233,229,52,207,205,15,4,33,19,15,39,0,21,18,2,12,6,14,601,18,10,1,0,1,0,0
Man City,1,Sunderland,26,1,2,3,0,2,0,4,3,3,5,0,2,0,0,5,1,1,0,10,9,4,2,20,5,58,407,36,429,38,427,315,149,224,240,60,248,157,19,17,21,15,20,45,0,27,18,4,11,15,19,637,20,14,0,0,2,1,4
West Ham,0,Aston Villa,26,2,6,16,0,3,0,3,11,11,18,1,6,0,0,18,2,5,0,20,8,5,2,17,21,61,639,58,642,56,644,424,269,356,337,81,361,258,15,8,16,8,17,19,0,14,5,2,7,9,15,832,15,12,0,0,2,0,1
Aston Villa,1,West Ham,26,0,2,1,0,2,0,0,5,5,5,0,0,0,0,4,1,0,0,14,13,5,0,15,5,73,263,41,295,38,298,231,104,164,171,46,181,109,8,9,20,15,21,25,0,17,8,3,5,11,16,453,11,12,0,0,4,1,0
Crystal Palace,0,Bournemouth,26,1,3,6,0,5,0,1,6,6,9,0,5,0,0,7,6,1,0,29,9,5,1,32,10,85,362,47,400,51,396,279,165,226,219,49,190,208,12,14,11,4,19,21,0,13,8,2,10,11,21,567,5,13,1,0,2,0,0
Bournemouth,1,Crystal Palace,26,2,4,2,0,2,0,3,4,4,6,0,2,0,0,4,3,1,0,15,12,3,1,24,5,79,350,35,394,35,394,285,143,221,203,82,200,147,4,9,16,12,10,45,0,24,21,4,3,15,11,546,3,20,0,0,2,3,0
Man Utd,0,Stoke,26,3,5,5,0,5,0,2,4,4,14,1,0,0,0,7,5,3,0,14,13,2,1,19,15,61,434,38,457,28,467,307,187,241,251,64,249,182,7,3,21,7,19,27,0,15,12,3,12,13,20,606,9,7,0,0,0,1,1
Stoke,1,Man Utd,26,0,0,7,0,3,0,2,8,8,8,0,2,0,0,5,5,0,0,18,14,5,3,22,7,68,492,50,510,61,499,351,209,283,276,94,291,175,7,9,12,7,15,8,0,7,1,5,6,13,18,646,14,12,1,0,2,0,0
West Brom,0,Swansea,26,1,7,7,0,3,0,2,4,4,12,0,5,0,0,9,2,6,0,43,11,7,0,22,12,81,357,53,385,82,356,304,133,216,221,63,157,218,10,1,14,5,27,17,0,10,7,6,16,12,28,554,10,17,1,0,3,0,0
Swansea,1,West Brom,26,1,4,8,1,6,0,8,9,9,14,1,3,0,0,7,9,2,0,15,14,7,0,13,12,70,446,54,462,36,480,329,184,262,251,73,290,153,5,4,10,10,26,45,0,23,22,4,9,13,23,672,10,15,0,0,5,2,2
Everton,0,Newcastle,26,3,7,8,0,3,0,0,9,9,11,0,5,2,0,13,4,1,0,15,9,3,3,30,10,80,447,47,480,33,494,325,202,269,257,83,252,192,13,9,30,11,15,27,0,12,15,1,13,8,14,657,12,10,1,0,3,2,1
Newcastle,1,Everton,26,0,3,2,0,2,0,3,4,4,6,0,1,0,0,4,3,0,0,17,7,3,1,28,6,57,365,37,385,32,390,288,133,225,195,72,225,125,11,17,21,13,14,18,0,10,8,3,17,15,10,544,16,19,1,0,5,0,0
Watford,0,Chelsea,26,0,3,2,0,7,0,0,5,5,8,0,4,0,0,6,4,2,0,19,13,7,0,27,10,66,436,40,462,43,459,318,182,263,235,86,251,165,12,13,20,12,29,20,0,8,12,5,9,10,19,634,13,9,0,0,4,4,2
Chelsea,1,Watford,26,0,4,3,0,5,0,7,3,3,11,0,1,0,0,7,4,1,0,22,10,7,3,15,9,73,523,61,535,38,558,381,211,309,286,109,303,184,12,7,22,12,21,23,0,14,9,6,14,13,11,739,15,13,0,0,3,2,0
Man City,0,Leicester,26,1,4,12,0,6,0,3,6,6,14,0,8,0,0,9,7,6,0,34,14,11,1,40,17,46,598,45,599,32,612,422,219,328,313,50,283,311,12,9,14,14,21,29,0,18,11,2,5,9,24,760,18,7,1,0,4,0,2
Leicester,1,Man City,26,3,7,5,0,2,0,10,2,2,9,0,5,0,0,10,2,2,0,16,7,4,3,15,12,63,265,43,285,36,292,242,86,168,160,33,155,140,14,15,27,12,18,27,0,12,15,6,28,15,12,479,3,10,2,0,3,1,1
Newcastle,0,West Brom,26,1,7,5,1,7,0,1,10,10,15,0,4,0,0,14,2,3,0,29,14,8,2,25,15,68,496,54,510,42,522,360,203,283,278,76,305,183,11,9,13,1,20,12,0,11,1,4,5,12,17,668,9,17,0,0,0,0,0
West Brom,1,Newcastle,26,0,0,3,0,4,0,3,4,4,4,0,3,0,0,7,0,0,0,12,11,4,1,19,3,55,207,27,235,43,219,202,59,135,127,35,134,93,1,5,18,11,29,28,0,11,17,7,9,12,19,385,9,11,0,0,6,2,1
Stoke,0,Everton,26,0,3,5,0,4,0,1,4,4,11,0,1,0,0,3,7,2,0,28,8,6,0,25,11,49,624,56,617,29,644,427,243,326,345,55,355,263,14,14,13,11,15,7,0,3,4,5,13,11,8,776,13,18,0,1,3,0,0
Everton,1,Stoke,26,3,6,3,0,5,0,12,1,1,10,0,3,1,0,6,4,4,0,13,9,4,1,23,12,76,289,27,338,21,344,239,124,179,185,74,193,98,11,7,25,14,14,35,0,12,23,4,19,8,17,502,7,14,0,0,3,3,0
Tottenham,0,Watford,26,1,8,9,0,8,0,1,6,6,17,0,8,0,0,12,9,4,0,39,9,15,3,22,21,80,538,82,536,46,572,384,232,313,300,81,290,247,17,12,14,8,21,17,0,13,4,1,13,12,11,760,15,20,1,0,0,1,0
Watford,1,Tottenham,26,0,0,2,0,1,0,1,2,2,2,1,0,0,0,2,1,0,0,9,11,1,0,32,2,78,262,23,317,44,296,232,108,169,167,56,178,106,8,6,23,17,27,35,0,14,21,8,18,9,14,487,10,21,1,0,8,3,5
Swansea,0,Crystal Palace,26,1,3,8,0,7,0,2,7,7,8,0,10,0,0,11,5,2,0,36,11,9,2,34,10,51,488,47,492,37,502,351,188,269,268,78,251,210,6,5,25,10,16,35,0,20,15,3,15,11,22,667,18,16,0,0,1,1,2
Crystal Palace,1,Swansea,26,1,2,6,0,4,0,5,5,5,8,0,4,0,0,6,2,4,0,21,11,5,0,20,10,81,298,35,344,41,338,265,114,190,188,80,155,144,10,8,22,6,25,35,0,20,15,7,13,14,27,535,19,14,0,0,2,0,1
Aston Villa,0,Norwich,26,1,2,5,0,3,0,0,3,3,8,0,2,0,0,5,4,1,0,19,14,2,2,23,8,84,345,44,385,28,401,282,145,217,209,38,223,168,7,12,16,5,21,38,0,23,15,5,16,10,16,556,9,8,2,0,3,1,1
Norwich,1,Aston Villa,26,0,5,5,0,3,1,6,4,4,11,1,1,0,1,6,3,4,0,29,8,11,0,35,11,69,400,46,423,56,413,312,155,227,240,57,216,196,5,3,20,7,8,27,0,20,7,3,9,11,14,559,14,11,0,0,1,2,1
Liverpool,0,Sunderland,26,2,5,7,0,4,0,1,7,7,15,0,1,0,0,9,5,2,0,26,13,7,3,30,14,82,671,61,692,50,703,473,277,381,369,81,386,286,15,6,16,3,13,10,0,5,5,1,12,4,8,843,14,14,1,1,0,0,0
Sunderland,1,Liverpool,26,2,2,4,0,1,0,2,5,5,5,0,2,0,0,3,4,0,0,7,5,2,0,23,6,74,240,22,292,32,282,218,94,149,163,57,155,102,3,6,19,15,16,46,0,19,27,4,12,12,14,436,11,11,0,1,3,0,1
Southampton,0,West Ham,26,1,2,3,0,3,0,0,1,1,6,0,2,0,0,5,1,2,0,13,10,4,0,16,6,53,257,34,276,26,284,202,108,159,150,67,135,108,2,3,19,7,17,47,0,24,23,10,6,17,14,447,17,10,0,0,2,2,0
West Ham,1,Southampton,26,0,2,6,0,10,0,10,8,8,13,0,5,0,0,11,4,3,0,33,13,5,0,27,15,54,514,58,510,27,541,345,219,292,270,72,304,192,7,9,19,2,5,24,0,17,7,2,3,10,6,672,10,15,1,0,1,0,0
Bournemouth,0,Arsenal,26,0,4,7,0,6,0,0,11,11,13,0,4,0,0,6,11,0,0,27,12,7,1,34,12,62,489,66,485,25,526,352,196,282,263,89,267,195,11,9,22,7,19,24,0,16,8,3,6,6,9,673,11,17,0,1,3,1,0
Arsenal,1,Bournemouth,26,2,5,2,0,3,0,6,4,4,9,0,1,0,0,8,1,1,0,10,9,3,4,17,8,64,455,35,484,35,484,315,202,264,253,75,280,164,7,9,19,11,26,32,0,6,26,6,16,8,10,671,13,20,0,0,4,2,0
Chelsea,0,Man Utd,26,1,5,6,0,5,0,2,4,4,12,0,4,0,0,8,4,4,0,32,5,10,0,25,12,55,421,51,425,36,440,337,131,225,245,75,194,207,12,13,23,11,8,25,0,14,11,3,16,6,16,605,9,14,0,0,6,0,0
Man Utd,1,Chelsea,26,1,7,6,0,4,0,9,8,8,11,0,6,0,0,13,1,2,1,26,7,11,1,29,13,53,439,53,439,33,459,314,176,252,239,54,242,196,11,7,20,12,13,29,0,14,15,5,15,9,15,620,16,10,0,0,4,1,0
Sunderland,0,Man Utd,27,1,5,10,0,6,0,1,9,9,12,0,9,0,0,13,5,3,0,17,17,6,0,18,12,58,228,34,252,35,251,217,69,143,142,36,127,123,7,7,16,5,22,46,0,15,31,5,7,7,11,430,12,9,0,0,5,0,1
Man Utd,1,Sunderland,27,1,6,1,0,5,1,7,4,4,12,0,0,0,1,6,6,0,0,22,9,8,0,20,9,64,484,52,496,39,509,354,191,282,263,74,270,204,5,12,17,7,14,21,0,13,8,7,6,15,10,670,9,15,0,0,3,0,0
Swansea,0,Southampton,27,0,2,8,0,3,0,0,6,6,9,0,4,0,0,3,6,4,0,30,12,5,0,23,9,66,458,76,448,39,485,340,183,275,248,80,249,195,3,5,11,2,21,27,0,20,7,5,15,10,15,633,7,15,0,0,4,0,1
Southampton,1,Swansea,27,1,5,4,0,5,0,7,7,7,12,0,2,0,0,6,4,4,0,18,9,4,1,31,12,85,366,59,392,49,402,294,157,233,216,79,221,151,2,5,11,3,16,58,0,32,26,3,13,12,26,569,9,12,0,0,2,0,1
Norwich,0,West Ham,27,2,3,7,0,3,0,1,7,7,9,0,4,0,0,8,5,0,0,18,16,3,0,20,8,85,335,44,376,70,350,311,106,190,225,51,194,175,9,3,21,15,10,25,0,15,10,0,14,16,21,530,11,8,0,0,4,2,1
West Ham,1,Norwich,27,2,6,5,0,0,0,6,5,5,8,0,3,0,0,7,3,1,0,21,13,3,1,27,6,75,378,54,399,65,388,320,132,217,233,54,231,168,15,11,14,9,23,23,0,18,5,3,15,11,24,579,11,17,0,1,1,3,1
Everton,0,West Brom,27,0,6,12,1,15,0,1,17,17,26,0,7,0,0,16,11,6,0,55,10,14,0,23,26,61,667,89,639,37,691,462,264,371,355,66,291,371,15,6,14,6,12,17,0,7,10,1,7,10,14,849,14,16,0,0,0,0,0
West Brom,1,Everton,27,1,1,3,0,1,0,2,1,1,2,0,3,0,0,1,2,1,1,7,10,1,2,12,5,71,165,27,209,34,202,182,51,112,120,32,120,84,6,1,17,15,16,64,0,35,29,15,20,12,24,419,14,21,1,0,5,3,1
Crystal Palace,0,Watford,27,1,5,8,1,2,0,1,10,10,9,0,6,0,0,6,5,4,0,33,11,8,2,35,9,86,373,64,395,58,401,311,147,229,227,79,209,171,13,12,18,7,18,24,0,15,9,2,11,16,31,590,23,15,0,0,2,0,0
Watford,1,Crystal Palace,27,2,4,2,0,4,0,5,5,5,8,0,1,1,0,7,3,0,0,14,21,3,2,26,7,77,311,43,345,38,350,265,122,198,189,47,181,160,7,4,30,13,22,34,0,19,15,2,14,14,17,531,14,12,0,0,4,3,2
Bournemouth,0,Stoke,27,1,2,4,0,5,0,2,4,4,6,0,5,0,0,6,4,1,0,28,16,9,1,22,7,74,533,54,553,20,587,380,225,309,295,73,304,230,7,15,15,8,11,8,0,4,4,1,8,7,7,692,6,14,0,0,3,2,0
Stoke,1,Bournemouth,27,3,6,4,0,1,0,4,7,7,8,0,3,0,0,5,5,1,0,14,5,2,1,22,7,58,269,32,295,15,312,224,102,174,152,57,164,106,8,9,16,7,25,30,0,12,18,5,13,18,13,452,7,14,0,0,1,1,0
Chelsea,0,Newcastle,27,5,7,4,0,3,0,1,7,7,10,0,4,0,0,5,7,2,0,14,15,8,4,15,11,56,536,38,554,33,559,364,223,291,294,102,281,209,8,8,21,7,12,19,0,10,9,5,14,11,12,712,8,19,0,0,2,2,0
Newcastle,1,Chelsea,27,1,3,2,0,5,0,5,5,5,9,0,1,0,0,7,2,1,0,20,12,5,0,23,7,64,433,37,460,17,480,286,210,239,256,130,263,104,7,9,14,8,23,16,0,7,9,3,12,16,6,601,14,20,1,1,2,1,0
Arsenal,0,Leicester,27,2,6,12,0,6,0,4,2,2,18,0,6,0,0,12,3,6,3,50,7,11,2,29,19,47,709,81,675,59,697,479,273,376,374,104,307,345,16,17,17,9,15,18,0,12,6,0,10,9,30,903,21,12,0,0,2,1,0
Leicester,1,Arsenal,27,1,3,4,0,0,0,3,4,4,5,0,1,1,0,5,0,2,0,11,13,1,1,15,6,68,229,31,266,32,265,226,70,152,142,34,145,118,9,15,37,16,26,32,0,16,16,6,22,10,17,462,6,12,0,0,4,0,0
